,label,qid,track,start,end,score,desc
0,Archilochus,Q201323,0,-680,-645,51,Ancient Greek lyric poet
1,Ashurbanipal,Q171191,1,-685,-631,73,Assyrian ruler
2,Draco (legislator),Q28626,2,-650,-600,54,first legislator of Athens in Ancient Greece
3,Necho II,Q125102,3,-700,-595,44,2nd Egyptian pharaoh of the 26th dynasty
4,Psamtik II,Q373521,4,-700,-589,40,3rd Egyptian pharaoh of the 26th dynasty
5,Apries,Q349291,5,-650,-567,39,4th Egyptian pharaoh of the 26th dynasty
6,Aesop,Q43423,6,-620,-564,105,ancient Greek storyteller (619 BC–563 BC)
7,Nebuchadnezzar II,Q12591,7,-642,-561,89,King of Babylon
8,Alcaeus,Q212872,8,-630,-560,48,Greek lyric poet
9,Solon,Q133337,9,-638,-558,79,Athenian legislator
10,Stesichorus,Q332797,10,-630,-555,35,6th-century BCE Greek lyric poet
11,Zoroaster,Q35811,11,-628,-551,123,founder of Zoroastrianism
12,Sappho,Q17892,12,-650,-550,112,ancient Greek poet from Lesbos (c. 630-c. 570 BC)
13,Thales of Miletus,Q36303,13,-650,-548,117,ancient Greek philosopher and mathematician
14,Anaximander,Q42458,14,-620,-547,87,pre-Socratic Greek philosopher
15,Nabonidus,Q239414,15,-615,-538,48,king of Babylon
16,Cyrus the Great,Q8423,16,-600,-530,135,founder of the Achaemenid Empire (559–529 BC)
17,Mahavira,Q9422,17,-599,-527,81,"24th Tirthankara of Jainism, promoter of non-violence, truth, and celibacy"
18,Amasis II,Q312045,18,-610,-526,46,Egyptian pharaoh from 570 to 526 BC
19,Anaximenes of Miletus,Q80612,19,-585,-525,78,Greek Ionian Pre-Socratic philosopher (c.586–c.526 BC)
20,Cambyses II,Q182483,20,-559,-522,69,The second Achaemenid emperor (530–522 BC)
21,Lucius Junius Brutus,Q223440,21,-540,-509,39,Semi-legendary 6th-century BC founder of Roman Republic
22,Laozi,Q9333,22,-604,-500,153,"6th-century BC semi-legendary Chinese philosopher, founder of Taoism"
23,Ānanda,Q28988,23,-600,-500,52,Attendant of the Buddha and main figure in First Buddhist Council
24,Sushruta,Q383027,24,-600,-500,47,"ancient Indian physician, father of surgery"
25,Himilco,Q458365,25,-550,-500,31,Carthaginian explorer
26,Sun Tzu,Q37151,26,-544,-496,112,6th century BCE Chinese general and military strategist
27,Lucius Tarquinius Superbus,Q193047,27,-600,-495,57,king of Rome from 535 to 509 BC
28,Cleisthenes,Q207634,28,-565,-492,58,late 6th century Athenian politician and reformer
29,Pythagoras,Q10261,29,-550,-490,160,Greek philosopher and mathematician (c. 570 – c. 495 BC)
30,Miltiades,Q210350,30,-550,-489,49,Greek Athenian statesman and general (c.550–489 BC)
31,Darius the Great,Q44387,31,-550,-486,99,The fourth and greatest Achaemenid emperor (522–486 BC)
32,Anacreon,Q213484,32,-570,-485,55,"ancient Greek lyric poet, notable for his drinking songs and hymns"
33,Śāriputra,Q320142,33,-568,-484,46,chief disciple of Gautama Buddha
34,The Buddha,Q9441,34,-563,-483,214,Indian philosopher and the founder of Buddhism (623 or 563 BCE – 543 or 483 BCE)
35,Confucius,Q4604,35,-552,-479,239,5th-century BCE Chinese philosopher and politician
36,Xenophanes,Q131671,36,-570,-478,73,Greek Pre-Socratic philosopher (c.570–c.478 BC)
37,Heraclitus,Q41155,37,-535,-470,97,Greek philosopher (late 6th/early 5th-century BC)
38,Parmenides,Q125551,38,-515,-470,86,late 6th/early 5th century BC Greek pre-Socratic philosopher
39,Simonides of Ceos,Q273003,39,-556,-468,44,Greek lyric poet (c. 556–468 BC)
40,Xerxes I,Q129165,40,-519,-465,84,The fifth Achaemenid emperor (486–465 BC)
41,Pāṇini,Q189725,41,-520,-460,73,ancient Sanskrit grammarian
42,Ajatashatru,Q379242,42,-500,-460,41,King of Magadha Empire from c. 492 to 460 BCE
43,Themistocles,Q179552,43,-524,-459,71,Athenian politician and general (c. 524–459 BC)
44,Aeschylus,Q40939,44,-525,-456,104,ancient Athenian playwright
45,Bacchylides,Q310681,45,-516,-451,37,Greek lyric poet (c. 518 – c. 451 BC)
46,Pindar,Q134929,46,-522,-450,68,ancient Greek lyric poet
47,Cimon,Q218102,47,-510,-450,42,Athenian statesman
48,Epicharmus of Cos,Q312410,48,-524,-435,32,late 6th/early 5th century BC Greek dramatist and philosopher
49,Lucius Quinctius Cincinnatus,Q309637,49,-519,-430,41,two time Roman dictator
50,Empedocles,Q83375,50,-490,-430,84,5th century BC Greek philosopher
51,Phidias,Q177302,51,-490,-430,70,"Greek sculptor, painter and architect (c.480–430 BC)"
52,Pericles,Q80398,52,-494,-429,94,"Athenian statesman, orator and general (c. 495 – 429 BC)"
53,Anaxagoras,Q83041,53,-500,-428,81,5th-century BC Greek philosopher
54,Zeno of Elea,Q132157,54,-490,-425,78,Greek philosopher (c. 495 – c. 430 BC)
55,Herodotus,Q26825,55,-484,-425,147,Greek historian and geographer (c.484–c.425 BC)
56,Artaxerxes I,Q189689,56,-500,-424,66,sixth Achaemenid emperor (475–424 BC)
57,Protagoras,Q169243,57,-486,-420,72,Pre-Socratic Greek philosopher (c.490–c.420 BC)
58,Hippocrates of Chios,Q312629,58,-470,-410,40,5th-century BC Greek mathematician and astronomer
59,Sophocles,Q7235,59,-496,-406,154,ancient Greek playwright
60,Euripides,Q48305,60,-480,-406,100,Classical Athenian playwright
61,Alcibiades,Q187982,61,-450,-404,67,Athenian statesman
62,Socrates,Q913,62,-470,-399,205,5th-century BCE Greek philosopher
63,Thucydides,Q41683,0,-460,-395,93,5th-century BC Athenian historian and general
64,Mozi,Q272411,1,-470,-391,56,5th-century BC Chinese philosopher and founder of Mohism
65,Aristophanes,Q43353,2,-448,-386,101,Classical Athenian comic playwright (c. 446 – c. 386 BC)
66,Hippocrates,Q5264,3,-460,-370,123,Greek physician (c. 460 – c. 370 BC)
67,Amyntas III of Macedon,Q313907,4,-450,-370,33,king of Macedonia from 393/2 to 370 BC
68,Dionysius I of Syracuse,Q332750,5,-430,-367,41,Greek tyrant of Syracuse (c. 432 – 367 BC)
69,Antisthenes,Q179149,6,-445,-365,62,"Greek philosopher, founder of Cynicism (c.446–c.366 BCE)"
70,Nectanebo I,Q175775,7,-450,-362,40,4th-century BC Egyptian pharaoh
71,Epaminondas,Q190436,8,-418,-362,53,Theban general and statesman (419/411–362 BC)
72,Democritus,Q41980,9,-460,-360,106,Greek philosopher (c. 460–c. 370 BC)
73,Eudoxus of Cnidus,Q185150,10,-408,-355,65,Greek astronomer and mathematician (c.408–c.355 BC)
74,Xenophon,Q129772,11,-430,-354,92,"Greek philosopher, historian, soldier (c. 430–355/354 BC)"
75,Plato,Q859,12,-427,-347,220,4th-century BCE Greek philosopher
76,Archytas,Q202001,13,-430,-345,57,"4th-century BC Greek philosopher, mathematician, astronomer and statesman"
77,Nectanebo II,Q313126,14,-400,-343,44,last Egyptian pharaoh of the 30th dynasty
78,Isocrates,Q221182,15,-436,-338,48,Greek rhetorician and writer (436–338 BC)
79,Artaxerxes III,Q192867,16,-425,-338,58,The 11th Achaemenid Emperor (358–338 BC)
80,Philip II of Macedon,Q130650,17,-385,-336,82,King of Macedon from 359 to 336 BC
81,Praxiteles,Q105290,18,-395,-330,53,Attic sculptor
82,Darius III,Q102865,19,-380,-330,77,last king of the Achaemenid Empire (r. 336–330 BC)
83,Bessus,Q296434,20,-400,-329,45,Achaemenid satrap and pretender to throne (died 329 BC)
84,Diogenes,Q59180,21,-412,-323,84,4th-century BC Greek Cynic philosopher
85,Alexander the Great,Q8409,22,-356,-323,220,king of Macedonia and conqueror of Achaemenid Persia (356–323 BC)
86,Aristotle,Q868,23,-384,-322,231,4th-century BCE Classical Greek philosopher and polymath
87,Demosthenes,Q117253,24,-384,-322,76,classical Athenian statesman and orator (384–322 BC)
88,Antipater,Q204760,25,-397,-319,46,Macedonian general and regent
89,Porus,Q28935,26,-400,-316,51,ancient Indian king
90,Olympias,Q223134,27,-375,-316,51,mother of Alexander the Great
91,Eumenes,Q297366,28,-362,-316,37,Greek general and satrap (c. 362 – 316 BC)
92,Apelles,Q216822,29,-370,-306,48,4th century BC Greek painter
93,Antigonus I Monophthalmus,Q200401,30,-382,-301,51,"Macedonian general, founder of Antigonid dynasty (382–301 BC)"
94,Lysippos,Q192222,31,-390,-300,49,4th-century BC Greek sculptor
95,Chandragupta Maurya,Q188541,32,-340,-297,82,founder of the Maurya Empire (350–295 BCE)
96,Cassander,Q207183,33,-355,-296,46,king of Macedonia
97,Menander,Q118992,34,-340,-292,70,Athenian playwright of New Comedy
98,Megasthenes,Q312548,35,-350,-290,43,ancient Greek ethnographer and explorer
99,Mencius,Q188903,36,-372,-289,76,Chinese Confucian philosopher (372–289 BC)
100,Pytheas,Q189971,37,-359,-289,58,ancient Greek explorer
101,Zhuang Zhou,Q47739,38,-369,-288,71,Chinese Taoist philosopher (c. 369–286 BC)
102,Theophrastus,Q160362,39,-371,-287,74,Greek philosopher (c.371-c.287 BC)
103,Ptolemy I Soter,Q168261,40,-365,-285,78,"Macedonian general, ruler of Egypt"
104,Chanakya,Q9045,41,-375,-283,125,4th-century BCE Indian statesman and philosopher
105,Demetrius I Poliorcetes,Q59734,42,-336,-283,44,king of Macedon
106,Lysimachus,Q32133,43,-361,-281,50,"Macedonian officer, one of Alexander's successor kings"
107,Seleucus I Nicator,Q184176,44,-358,-281,73,general of Alexander and founder of the Seleucid dynasty
108,Qu Yuan,Q313330,45,-343,-278,58,Chinese poet and politician (c.340–278 BC)
109,Bindusara,Q315526,46,-320,-273,53,Mauryan Emperor
110,Pyrrhus of Epirus,Q172353,47,-318,-272,75,king of Epirus from 307 to 302 and 297 to 272 BC
111,Pyrrho,Q192313,48,-360,-270,50,Greek philosopher and founder of Pyrrhonism (c.360-c.270 BC)
112,Epicurus,Q43216,49,-342,-270,100,ancient Greek philosopher
113,Zeno of Citium,Q171303,50,-334,-263,70,"Greek philosopher, founder of Stoicism"
114,Ptolemy II Philadelphus,Q39576,51,-308,-246,67,king of the Ptolemaic dynasty in Egypt (308–246 B.C.)
115,Callimachus,Q192417,52,-320,-243,53,"3rd-century BC Greek poet, scholar and librarian"
116,Aratus,Q180671,53,-315,-240,39,Greek didactic poet (c. 315/310–240 BC)
117,Ashoka,Q8589,54,-304,-232,164,Mauryan emperor from 268 to 232 BCE
118,Han Fei,Q28959,55,-279,-232,59,"Chinese Legalist, 280–233 BCE"
119,Xunzi (philosopher),Q216072,56,-313,-230,57,Chinese Confucian philosopher (c. 310 – after 238 BCE)
120,Aristarchus of Samos,Q140188,57,-310,-230,72,Greek astronomer and mathematician (c.310–c.230 BC)
121,Hamilcar Barca,Q185101,58,-275,-228,59,Carthaginian general
122,Ptolemy III Euergetes,Q39602,59,-284,-222,55,Egyptian pharaoh
123,Hiero II of Syracuse,Q313675,60,-308,-215,41,3rd-century BC Sicilian Greek ruler
124,Apollonius of Rhodes,Q192638,61,-295,-215,52,3rd century BC Greek epic poet
125,Archimedes,Q8739,62,-287,-212,191,Greek mathematician and physicist (c. 287 – c. 212 BC)
126,Qin Shi Huang,Q7192,63,-259,-210,185,first emperor of Qin Dynasty
127,Li Si,Q152919,64,-280,-208,47,Chinese politician of the Qin Dynasty
128,Marcus Claudius Marcellus,Q312306,65,-270,-208,34,"general and five time consul of the Roman Republic, awareded the Spolia opima for his victories during the Gallic and Punic Wars"
129,Hasdrubal Barca,Q311702,66,-245,-207,40,Carthaginian general (245–207 BC)
130,Quintus Fabius Pictor,Q313500,67,-254,-201,31,3rd-century BC Roman historian
131,Livius Andronicus,Q193058,68,-280,-200,55,3rd-century BC Greco-Roman dramatist and epic poet
132,Emperor Gaozu of Han,Q7210,69,-256,-195,61,founding emperor of the Han dynasty (256–195 BC)
133,Eratosthenes,Q43182,70,-276,-194,102,"Greek mathematician, geographer, poet, astronomer, librarian and music theorist"
134,Apollonius of Perga,Q180109,71,-262,-190,69,ancient Greek geometer and astronomer noted for his writings on conic sections
135,Antiochus III the Great,Q3365,72,-242,-187,62,sixth Seleucid emperor (223–187 BC)
136,Plautus,Q47160,73,-250,-184,67,Roman comic playwright (c. 254 – 184 BC)
137,Philopoemen,Q366117,74,-253,-183,34,ancient Greek general
138,Hannibal,Q36456,75,-247,-183,116,Carthaginian general (247–183/181 BC)
139,Scipio Africanus,Q2253,76,-235,-183,68,Roman general and politician (236/235–183 BC)
140,Modu Chanyu,Q382816,77,-234,-174,41,Chanyu of the Xiongnu Empire from 209 to 174 BCE
141,Ennius,Q47130,78,-239,-169,50,Roman writer and poet (c. 239 – c. 169 BC)
142,Antiochus IV Epiphanes,Q3356,79,-215,-164,55,king of the Seleucid Empire (175–164 BC)
143,Kaṇāda,Q29049,80,-200,-160,49,Vedic sage and founder of Deepak school of Hindu philosophy
144,Terence,Q172048,81,-185,-159,62,Roman comic playwright (2nd cent. BC)
145,Cato the Elder,Q180081,82,-234,-149,70,"Roman politician, soldier and writer (234–149 BC)"
146,Masinissa,Q314685,83,-238,-148,45,first king of Numidia from 202 BC to 148 BC
147,Tiberius Gracchus,Q212109,0,-162,-133,52,ancient Rome politician
148,Mithridates I of Parthia,Q312442,1,-195,-132,49,king of Parthian Empire from 165 to 132 BC
149,Carneades,Q284994,2,-213,-129,43,ancient Greek philosopher
150,Scipio Aemilianus,Q2307,3,-185,-129,46,Roman politician and general (185–129 BC)
151,Gaius Gracchus,Q297183,4,-154,-122,44,ancient Roman politician
152,Polybius,Q131169,5,-200,-120,70,ancient Greek historian
153,Hipparchus,Q159905,6,-190,-120,77,"2nd century Greek astronomer, geographer and mathematician"
154,Zhang Qian,Q197276,7,-200,-114,41,imperial envoy to the world outside of China in the 2nd century BC
155,Dong Zhongshu,Q445626,8,-179,-104,31,"Premier Confucian scholar, philosopher, and official during the Western Han"
156,Jugurtha,Q156173,9,-160,-104,47,King of the Berber kingdom of Numidia (present-day Algeria)
157,Emperor Wu of Han,Q7225,10,-156,-87,68,seventh emperor of the Han dynasty of China (157 BC–87 BC)
158,Gaius Marius,Q177975,11,-157,-86,65,"Roman general, statesman and military reformer (157-86 BC)"
159,Sima Qian,Q9372,12,-145,-86,124,2nd-century BCE Chinese historian and writer
160,Sulla,Q483783,13,-138,-78,68,Roman dictator and general
161,Quintus Sertorius,Q296238,14,-123,-72,39,Roman rebel leader (Sertorian War)
162,Spartacus,Q83406,15,-103,-71,86,Thracian gladiator who led a slave uprising against the Roman Republic
163,Mithridates VI Eupator,Q185126,16,-134,-63,65,ruler of the Kingdom of Pontus from 120 to 63 BC
164,Catiline,Q75826,17,-108,-62,47,"Roman politician, senator and soldier (c.108–62 BC)"
165,Tigranes the Great,Q201303,18,-140,-55,73,king of Armenia
166,Lucretius,Q47154,19,-94,-55,81,1st-century BC Roman poet and philosopher
167,Catullus,Q163079,20,-84,-54,74,lyric Latin poet of the Roman Republic
168,Marcus Licinius Crassus,Q175121,21,-115,-53,69,member of the First Triumvirate
169,Posidonius,Q185770,22,-135,-51,55,Greek Stoic philosopher (c.135 – c.51 BC)
170,Ptolemy XII Auletes,Q39991,23,-117,-51,50,1st-century BC Egyptian pharaoh
171,Pompey,Q125414,24,-106,-48,88,Roman general and statesman (106–48 BC)
172,Cato the Younger,Q193506,25,-95,-46,52,"Roman statesman, general and writer (95–46 BC)"
173,Vercingetorix,Q178953,26,-80,-46,68,"protohistoric chieftain of the Arverni tribe, defeated by Julius Caesar during the Gallic wars"
174,Julius Caesar,Q1048,27,-100,-44,217,Roman general and dictator
175,Cicero,Q1541,28,-106,-43,135,"Roman statesman, lawyer, orator, and philosopher (106–43 BC)"
176,Marcus Junius Brutus,Q172248,29,-85,-42,65,assassin of Julius Caesar
177,Sallust,Q7170,30,-86,-35,52,Roman historian and politician (86 BC - c. 35 BC)
178,Mark Antony,Q51673,31,-83,-30,92,Roman politician and general (83 BC – 30 BC)
179,Cleopatra,Q635,32,-69,-30,158,queen of the Ptolemaic Kingdom of Egypt from 51 to 30 BCE
180,Diodorus Siculus,Q171241,33,-90,-20,72,1st-century BC Greek historian
181,Virgil,Q1398,34,-70,-19,177,Roman poet (1st century BC)
182,Vitruvius,Q47163,35,-80,-15,80,Roman architect and engineer
183,Horace,Q6197,36,-65,-8,103,Roman lyric poet (65 BC – 8 BC)
184,Herod the Great,Q51672,37,-74,-4,73,king of Judea from 37/6 BCE to 4/1 BCE
185,Hillel the Elder,Q319219,38,-50,8,33,Jewish religious leader of the 1st century
186,Augustus,Q1405,39,-63,14,214,first emperor of the Roman Empire and founder of the Julio-Claudian dynasty
187,Livy,Q2039,40,-59,17,89,Roman historian (59 BC – AD 17)
188,Ovid,Q7198,41,-43,17,143,Roman poet (43 BC – 17/18 AD)
189,Saint Joseph,Q128267,42,-30,20,90,Christian saint; husband of Mary and father of Jesus
190,Arminius,Q68880,43,-17,21,75,"1st century chieftain of the Germanic Cherusci tribe, defeated the Romans in 9 AD"
191,Strabo,Q45936,44,-64,23,95,"Greek geographer, philosopher and historian (64/63 BC–c.24 AD)"
192,Wang Mang,Q7250,45,-45,23,49,Han dynasty official and founding Emperor of the Xin Dynasty (c.45 BC-23 AD)
193,Jesus,Q302,46,-7,30,281,central figure of Christianity (6 or 4 BC – AD 30 or 33) (5-33)
194,John the Baptist,Q40662,47,-6,30,115,1st-century Jewish itinerant preacher (Bible)
195,Tiberius,Q1407,48,-42,37,104,second Roman Emperor from 14 to 37 AD
196,Caligula,Q1409,49,12,41,116,third Roman emperor (37–41)
197,James the Great,Q43999,50,1,44,88,one of the Twelve Apostles of Jesus
198,Philo,Q189597,51,-15,45,57,Hellenistic Jewish philosopher who lived in Alexandria (c. 20 BCE-c. 50 CE)
199,"Mary, mother of Jesus",Q345,52,-18,48,162,mother of Jesus Christ
200,Claudius,Q1411,53,-10,54,97,fourth Roman emperor (41–54)
201,Boudica,Q184634,54,30,61,76,queen of the British Iceni tribe
202,Seneca the Younger,Q2054,55,-4,65,100,"Roman Stoic philosopher, statesman and dramatist (c. 4 BCE–65 CE)"
203,Saint Peter,Q33923,56,-1,65,129,apostle of Jesus Christ
204,Paul the Apostle,Q9200,57,5,66,154,Early Christian apostle and missionary (c. AD 5 – c. 64/65)
205,Mark the Evangelist,Q31966,58,12,68,84,credited author of the Gospel of Mark and Christian saint; traditionally identified with John Mark (20-68)
206,Nero,Q1413,59,37,68,113,fifth and last Roman Emperor of Julio-Claudian dynasty (54–68)
207,Thomas the Apostle,Q43669,60,1,72,83,Apostle of Jesus Christ
208,Matthew the Apostle,Q43600,61,10,74,92,Christian evangelist and apostle (10-74)
209,Vespasian,Q1419,62,9,79,91,ninth Roman Emperor and founder of the Flavian dynasty (69–79)
210,Pope Linus,Q47144,63,10,79,97,2nd Pope of the Catholic Church
211,Pliny the Elder,Q82778,64,20,79,91,1st-century Roman military commander and writer
212,Philip the Apostle,Q43675,65,5,80,74,Christian saint and apostle
213,Kujula Kadphises,Q560157,66,20,80,31,Founder of the Kushan empire (30–80)
214,Titus,Q1421,67,41,81,90,tenth Roman Emperor (79–81)
215,Dioscorides,Q297776,68,40,90,49,Greco-Roman physician and pharmacologist (AD c.40-90)
216,Domitian,Q1423,69,51,96,92,11th Roman Emperor (81–96)
217,Nerva,Q1424,70,30,98,82,12th Roman Emperor (96–98)
218,John the Apostle,Q44015,71,11,99,86,"apostle of Jesus; son of Zebedee and Salome, brother of James; traditionally identified with John the Evangelist, John of Patmos, and the Beloved Disciple"
219,Josephus,Q134461,72,37,100,75,Roman–Jewish historian and military leader (c. 37–c. 100)
220,Martial,Q2098,73,40,104,56,1st-century Latin poet from Hispania
221,Decebalus,Q28928,0,100,106,46,king of Dacia
222,Simon the Zealot,Q12871,1,100,107,75,apostle of Jesus
223,Ignatius of Antioch,Q44170,2,35,108,65,late 1st/early 2nd century Christian author and Patriarch of Antioch
224,Pliny the Younger,Q168707,3,61,113,75,"Roman lawyer, author and magistrate (61 – c.113)"
225,Pope Alexander I,Q80028,4,100,116,85,6th Pope of the Catholic Church from c. 107 to c. 115
226,Trajan,Q1425,5,53,117,111,13th Roman Emperor (98–117)
227,Plutarch,Q41523,6,40,120,101,Greek philosopher and historian (c. AD 46 – after AD 119)
228,Tacitus,Q2161,7,56,120,92,Roman historian and senator (c. 56 – c. 120)
229,Cai Lun,Q229235,8,48,121,73,Chinese official credited with inventing paper (died 121)
230,Apollodorus of Damascus,Q189375,9,50,125,45,2nd century Syrian Roman architect and engineer
231,Suetonius,Q10133,10,70,126,70,late 1st/early 2nd-century Roman historian
232,Epictetus,Q183144,11,50,138,71,Greek Stoic philosopher (c. 50–c. 138)
233,Hadrian,Q1427,12,76,138,98,14th Roman Emperor (117–138)
234,Zhang Heng,Q197206,13,78,139,62,Chinese scientist and statesman (78–139)
235,Kanishka,Q312544,14,78,144,52,the fourth and greatest Kushan emperor (127–150)
236,Papias of Hierapolis,Q273053,15,70,150,40,"Greek Apostolic Father, Bishop of Hierapolis and author (c.60-c.130 AD)"
237,Aśvaghoṣa,Q312552,16,80,150,45,2nd century Buddhist Indian poet and philosopher
238,Polycarp,Q192371,17,69,155,55,Christian bishop of Smyrna
239,Marcion of Sinope,Q201346,18,85,160,46,Anatolian Christian theologian (c.85–c.160)
240,Antoninus Pius,Q1429,19,86,161,89,15th Roman Emperor (138–161)
241,Ptolemy,Q34943,20,100,170,122,"2nd-century Roman mathematician, astronomer, geographer"
242,Apuleius,Q170512,21,125,170,76,"2nd-century Numidian Latin-language writer, rhetorician and philosopher"
243,Arrian,Q31845,22,89,175,56,"2nd century Greek historian, official and philosopher"
244,Pausanias (geographer),Q192931,23,110,180,55,"ancient Greek geographer, travel writer and mythographer"
245,Gaius (jurist),Q313439,24,120,180,40,Roman jurist (2nd century AD)
246,Marcus Aurelius,Q1430,25,121,180,116,16th Roman Emperor from 161 to 180 and Stoic philosopher
247,Commodus,Q1434,26,161,192,81,17th Roman Emperor (180–192)
248,Lucian,Q177847,27,120,200,73,2nd-century Syrian satirist and rhetorician
249,Irenaeus,Q182123,28,130,202,63,2nd-century Greek bishop and Doctor of the Church
250,Papinian,Q315765,29,142,211,39,Roman jurist (142–212)
251,Septimius Severus,Q1442,30,146,211,86,Roman emperor from 193 to 211
252,Clement of Alexandria,Q188883,31,150,215,59,Christian theologian (c.150 – c.215)
253,Julia Domna,Q229246,32,165,217,43,ancient Roman empress
254,Caracalla,Q1446,33,188,217,86,Roman emperor from 198 to 217
255,Macrinus,Q1752,34,164,218,78,Roman emperor from 217 to 218
256,Tertullian,Q174929,35,150,220,69,Roman Christian theologian and writer (c. 155 – c. 220)
257,Cao Cao,Q204077,36,155,220,62,Chinese warlord and statesman (155–220)
258,Guan Yu,Q222797,37,162,220,46,Chinese general serving warlord Liu Bei (160-220)
259,Elagabalus,Q1762,38,203,222,80,Roman Emperor (218-222)
260,Liu Bei,Q245315,39,161,223,45,Chinese warlord and founding Emperor of Shu Han (161–223)
261,Cao Pi,Q313333,40,187,226,45,Cao Wei Emperror (187-226)
262,Cassius Dio,Q185223,41,150,229,65,Greco-Roman statesman and historian (c. 155–c. 235)
263,Zhuge Liang,Q198211,42,181,234,48,Chinese statesman and military strategist (181–234)
264,Severus Alexander,Q1769,43,208,235,77,Roman Emperor (208-235)
265,Maximinus Thrax,Q1777,44,173,238,72,Roman Emperor (173-238)
266,Ardashir I,Q371319,45,180,242,63,founder of the Sassanid Empire (224–242)
267,Philip the Arab,Q1817,46,204,249,76,Roman Emperor (204-249)
268,Nagarjuna,Q171195,47,150,250,108,3rd-century Indian Buddhist philosopher
269,Herodian,Q313056,48,170,250,37,Greco-Roman official and historian (c.170–c.240)
270,Sima Yi,Q353698,49,179,251,33,"Chinese general, politician and regent (179-251)"
271,Origen,Q170472,50,185,254,68,"Christian scholar, ascetic, and theologian (c. 185 – c. 253)"
272,Gallienus,Q104475,51,218,268,67,Roman emperor (218-268)
273,Plotinus,Q134189,52,205,270,78,Hellenistic Platonist philosopher and founder of Neoplatonism (c. 204/5–270)
274,Mani (prophet),Q203922,53,216,274,70,3rd century prophet and founder of Manichaeism
275,Aurelian,Q46780,54,214,275,82,Roman Emperor (C.E.214-275)
276,Zenobia,Q189705,55,240,275,60,3rd-century Queen of the Palmyrene Empire
277,Emperor Wu of Jin,Q7356,56,236,290,35,Emperor of the Jin Dynasty from 266 to 290
278,Liu Hui,Q316304,57,225,295,38,Chinese mathematician from Cao Wei (Three Kingdoms period)
279,Galen,Q8778,58,200,300,117,"2nd-century Greek physician, surgeon and philosopher"
280,Porphyry of Tyre,Q203445,59,233,301,57,3rd-century Greek Neoplatonist philosopher
281,Saint George,Q48438,60,275,303,88,Christian saint and martyr (died 303)
282,Diocletian,Q43107,61,244,316,87,Augustus of the Eastern Roman Empire (244-311)
283,Iamblichus,Q310916,62,240,320,47,Syrian Neoplatonist philosopher (c. 245 – c. 325)
284,Tiridates III of Armenia,Q172520,63,255,330,35,King of Armenia and Saint
285,Pope Sylvester I,Q47149,64,300,335,85,33rd pope and saint (reigned 314-335)
286,Arius,Q106026,65,250,336,72,Cyrenaic presbyter and founder of Arianism (died 336)
287,Constantine the Great,Q8413,66,272,337,141,Roman emperor from 306 to 337 and first to convert to Christianity (272–337)
288,Eusebius,Q142999,67,265,339,66,"Greek Christian scholar, c.260-c.340"
289,Saint Nicholas,Q44269,68,250,350,99,4th-century Christian bishop and saint
290,Pappus of Alexandria,Q211783,69,290,350,50,4th century Greek mathematician
291,Anthony the Great,Q170547,0,251,357,67,"Egyptian Christian monk, hermit, and saint (died 356)"
292,Hosius of Corduba,Q285693,1,256,357,30,Spanish bishop (256–359)
293,Constantius II,Q46418,2,317,361,72,Roman emperor (317-361)
294,Wang Xizhi,Q378564,3,321,361,34,Chinese calligrapher (c. 321 – c. 361)
295,Saint Marinus,Q544981,4,275,366,39,Sammarinese saint
296,Hilary of Poitiers,Q44344,5,315,367,55,Bishop of Poitiers (c. 310 – c. 367)
297,Athanasius of Alexandria,Q44024,6,296,373,69,Pope of Alexandria from 328 to 373 (296–373)
298,Ephrem the Syrian,Q200608,7,306,373,48,"Syriac saint, theologian and writer (c. 306 – 373)"
299,Valentinian I,Q46720,8,321,375,73,Roman emperor from 364 to 375
300,Ermanaric,Q28987,9,291,376,38,Greuthungian Gothic King
301,Shapur II,Q234860,10,309,379,61,The tenth Sasanian emperor (309–379)
302,Basil of Caesarea,Q44258,11,329,379,72,"4th-century Christian bishop, theologian, and saint (329–379)"
303,Samudragupta,Q1133363,12,335,380,51,4th-century ruler of the Gupta Empire
304,Pope Damasus I,Q130997,13,305,384,80,pope
305,Cyril of Jerusalem,Q298654,14,313,386,45,"Christian theologian, bishop, and saint (c. 313 – 386)"
306,Gregory of Nazianzus,Q44011,15,329,389,70,Christian saint and theologian (c. 329 – 390)
307,Gregory of Nyssa,Q191734,16,335,395,55,bishop of Nyssa
308,Theodosius I,Q46696,17,347,395,88,Roman emperor from 379 to 395
309,Martin of Tours,Q133704,18,316,397,77,Christian saint
310,Ambrose,Q43689,19,339,397,79,Roman theologian and Bishop of Milan (c. 340–397)
311,Vasubandhu,Q316343,20,300,399,45,4th/5th century Indian Buddhist monk
312,Theon of Alexandria,Q354384,21,335,400,33,ancient Greek scholar
313,John Chrysostom,Q43706,22,349,407,75,"Church Father, Archbishop of Constantinople and Christian saint (c. 347–407)"
314,Stilicho,Q203636,23,359,408,51,Roman army general (c.359 – 408)
315,Arcadius,Q159369,24,377,408,72,Roman Emperor from 395–408 (377-408)
316,Alaric I,Q102371,25,400,410,77,King of the Visigoths
317,Kumārajīva,Q335293,26,344,413,44,Kuchan Buddhist monk and translator (344-413)
318,Gwanggaeto the Great,Q498791,27,374,413,34,King of the Goguryeo dynasty of Korea (374–413) (r. 391–413)
319,Hypatia,Q11903,28,360,415,101,Greek Neoplatonist philosopher
320,Lushan Huiyuan,Q1194206,29,334,416,30,Chinese Buddhist monk (334–416)
321,Jerome,Q44248,30,345,420,86,4th and 5th-century Catholic and Eastern Orthodox saint and Doctor of the Church
322,Faxian,Q312978,31,340,422,46,"Chinese Buddhist monk (bhikkhu), pilgrim to India, and travelogue author during the Jin and Liu Song dynasties"
323,Tao Yuanming,Q314210,32,365,427,37,Chinese poet (365–427)
324,Augustine of Hippo,Q8018,33,354,430,164,"Christian theologian, philosopher, and saint (354–430)"
325,Bahram V,Q299271,34,406,438,48,The 15th Sassanid Emperor (421–438)
326,Mesrop Mashtots,Q104804,35,362,440,68,Armenian theologian and linguist (362–440)
327,Socrates of Constantinople,Q336198,36,380,440,42,5th century Greek Christian church historian
328,Cyril of Alexandria,Q44079,37,376,444,60,Patriarchate of Alexandria from 412 to 444
329,Peter Chrysologus,Q328742,38,380,450,34,Bishop of Ravenna
330,Nestorius,Q185073,39,381,451,63,Christian theologian (c. 386–c. 451)
331,Theodoric I,Q110892,40,393,451,54,King of the Visigoths
332,Attila,Q36724,41,395,453,107,5th-century ruler of the Hunnic Empire
333,Flavius Aetius,Q185476,42,390,454,64,Roman general and statesman ( c. 390 – 454)
334,Theodoret,Q317029,43,393,457,38,5th century Byzantine theologian and bishop
335,Saint Patrick,Q165479,44,385,461,71,5th-century Romano-British Christian missionary and bishop in Ireland
336,Pope Leo I,Q43954,45,390,461,86,Pope from 440 to 461 (390–461)
337,Leo I (emperor),Q183776,46,401,474,60,Eastern Roman emperor from 457 to 474
338,Gaiseric,Q152127,47,389,477,61,King of the Vandals and Alans
339,Julius Nepos,Q103860,48,430,480,71,Roman emperor (430-480)
340,Proclus,Q271809,49,412,485,49,5th-century Greek Neoplatonist philosopher
341,Syagrius,Q207499,50,430,487,44,"5th-century Roman general and the last ruler of the Roman rump state in northern Gaul, now called the Kingdom of Soissons"
342,Zeno (emperor),Q183452,51,425,491,65,Byzantine Emperor (425–491)
343,Odoacer,Q103333,52,433,493,72,5th-century Germanic soldier and monarch of Italy (476–493)
344,Chandragupta II,Q844536,53,400,500,44,Ruler of Gupta Empire from c. 375 to c. 415
345,Buddhaghosa,Q335247,54,401,500,39,"5th-century Indian Theravada Buddhist commentator, translator and philosopher"
346,Zu Chongzhi,Q227444,55,429,500,38,Chinese mathematician-astronomer
347,Romulus Augustulus,Q130601,56,462,510,84,last emperor of the Western Roman Empire (475–476)
348,Clovis I,Q82339,57,466,511,86,first king of the Franks (c. 466-511)
349,Anastasius I Dicorus,Q173470,58,430,518,61,Byzantine Emperor from 491 to 518
350,Boethius,Q102851,59,480,525,74,Roman senator and philosopher of the early 6th century (480–524)
351,Theodoric the Great,Q105105,60,454,526,80,king of the Germanic Ostrogoths and ruler of Italy (493–526)
352,Anthemius of Tralles,Q298226,61,474,534,42,ancient Greek scientist and architect
353,Isidore of Miletus,Q310028,62,442,537,40,Byzantine Greek architect
354,Bodhidharma,Q187172,63,483,540,61,Indian-Chinese philosopher and Buddhist Monk
355,Tribonian,Q310628,64,475,542,34,Byzantine jurist (c. 485–542)
356,Imru' al-Qais,Q1051776,65,501,544,33,Arab king and poet (501–544)
357,Clotilde,Q232365,66,474,545,42,saint and second wife of the Frankish king Clovis I
358,Benedict of Nursia,Q44265,67,480,547,79,"founder of Christian monasticism, founder of the Benedictine order (480–547)"
359,Theodora (wife of Justinian I),Q204843,68,500,548,60,Byzantine empress from 527 to 548
360,Dionysius Exiguus,Q274091,69,475,550,44,Byzantine saint
361,Aryabhata,Q11359,70,476,550,92,Indian mathematician-astronomer
362,Bumin Qaghan,Q29001,71,490,552,31,founder of the Turkic Khaganate
363,Totila,Q159707,72,510,552,50,king of the Ostrogoths and King of Italy (541–552)
364,Romanos the Melodist,Q221059,73,490,556,33,Greek hymnographer
365,Justinian I,Q41866,74,482,565,104,Eastern Roman Emperor who ruled from 527 to 565 (482-565)
366,Procopius,Q186153,75,500,565,57,6th-century historian
367,Belisarius,Q174943,76,505,565,67,6th century Byzantine general instrumental in reconquest of much of the former Roman Mediterranean territories (505-565)
368,John Philoponus,Q317632,77,490,570,36,Byzantine philologist and philosopher (c. 490–c. 570)
369,Alboin,Q152877,78,530,572,40,King of the Lombards
370,Khosrow I,Q207381,79,501,579,61,Shahanshah of the Sasanian Empire from 531 to 579
371,Gregory of Tours,Q67841,80,538,594,47,Gallo-Roman historian and Bishop of Tours
372,Columba,Q236326,81,521,597,53,Gaelic Irish missionary monk
373,Pope Gregory I,Q42827,82,540,604,95,"64th Bishop of Rome, Head of the Roman Catholic Church from 590 to 604"
374,Emperor Wen of Sui,Q7418,83,541,604,41,founding emperor of the Sui Dynasty (541-604)
375,Augustine of Canterbury,Q32520,0,550,605,48,"6th-century missionary, archbishop, and saint"
376,Antarah ibn Shaddad,Q771877,1,525,608,33,Arabian warrior and poet
377,Emperor Yang of Sui,Q7419,2,569,617,35,emperor of the Sui Dynasty
378,Khadija bint Khuwaylid,Q42034,3,557,619,90,"First wife of Prophet Muḥammad ﷺ, First believer in Islam and Prophet Muhammad’s most beloved wife"
379,Hamza ibn Abd al-Muttalib,Q770033,4,568,625,46,Muhammad's companion and uncle (c.  568–625)
380,Khosrow II,Q212732,5,570,628,58,The 24th Sassanid emperor (590–628)
381,Chlothar II,Q209118,6,584,629,53,King of Neustria
382,Muhammad,Q9458,7,571,632,229,Arabian political leader and the founder of Islam (c. 570–632)
383,Fatima,Q180123,8,604,632,92,daughter of Muhammad (c. 605–632)
384,Abu Bakr,Q334923,9,573,634,112,1st Rashidun Caliph and father-in-law of Muhammad
385,Isidore of Seville,Q166876,10,560,636,71,"Hispano-Roman scholar, theologian and bishop (c. 560–636)"
386,Pope Honorius I,Q170502,11,585,638,77,pope
387,Abu Sufyan ibn Harb,Q335430,12,580,640,51,Quraysh tribal leader and merchant (c. 560 – 653)
388,Heraclius,Q41852,13,575,641,86,Byzantine emperor from 610 to 641
389,Bilal ibn Rabah,Q493136,14,581,642,61,companion of Muhammad and first Islamic mu'azzin (c.580–640)
390,Khalid ibn al-Walid,Q26918,15,592,642,69,Arab Muslim military general (d. 642)
391,Umar,Q8467,16,586,644,139,2nd Rashidun Caliph from 634 to 644
392,Emperor Taizong of Tang,Q9701,17,598,649,51,Chinese emperor of the Tang Dynasty (598-649) (r. 626-649)
393,Yazdegerd III,Q208463,18,624,652,52,The 27th and last Sasanian emperor (632–651)
394,Abbas ibn Abd al-Muttalib,Q293599,19,568,653,58,Paternal uncle of Muhammad (c.565–c.653)
395,Uthman,Q37731,20,574,656,98,Caliph of the Rashidun Caliphate from 644 to 656
396,Zubayr ibn al-Awwam,Q293565,21,594,656,51,companion of Muhammad (594–656)
397,Salman the Persian,Q557378,22,568,657,50,companion of Muhammad; first Persian convert to Islam
398,Ali,Q39619,23,599,661,126,4th Rashidun Caliph (r. 656–661) and first Shia Imam
399,Xuanzang,Q42063,24,602,664,68,7th-century Chinese Buddhist monk and scholar (602–664)
400,Constans II,Q41613,25,630,668,61,Byzantine Emperor from 641 to 668
401,Hasan ibn Ali,Q182914,26,625,669,72,5th Rashidun Caliph (r. 661) and second Shia Imam
402,Brahmagupta,Q202943,27,598,670,117,Indian mathematician and astronomer (c. 598 – c. 668 CE)
403,Aisha,Q4730963,28,605,678,97,Muhammad's third wife (c. 613/614 – 678)
404,Abu Hurayra,Q69326,29,602,679,47,companion of Muhammad
405,Mu'awiya I,Q181154,30,603,680,83,founder and first caliph of the Umayyad Caliphate (r. 661–680)
406,Husayn ibn Ali,Q112128,31,626,680,88,grandson of Muhammad and the 3rd Shia Imam (626–680)
407,Yazid I,Q217442,32,646,683,62,second caliph of the Umayyad caliphate (646-683)
408,Anania Shirakatsi,Q471769,33,610,685,32,Armenian scientist
409,Ibn Abbas,Q423600,34,619,688,51,7th-century Islamic scholar
410,Abd Allah ibn al-Zubayr,Q307665,35,624,692,54,historical Arab ruler (624-692)
411,Abd Allah ibn Umar ibn al-Khattab,Q2046261,36,610,693,41,Companion of Muhammad and authority in hadith and law (c.610-693)
412,Asparuh of Bulgaria,Q189450,37,640,701,54,Bulgarian ruler
413,Kahina,Q284295,38,668,703,41,Amazigh queen
414,Wu Zetian,Q9738,39,624,705,67,founding empress of Zhou dynasty (r. 690–705); de facto ruler of Tang dynasty from 665 to 690
415,Abd al-Malik ibn Marwan,Q36788,40,646,705,68,Umayyad caliph from 685 to 705
416,Kakinomoto no Hitomaro,Q380818,41,662,710,30,Japanese poet
417,Huineng,Q345012,42,638,713,30,semi-legendary Chinese Chan patriarch
418,Ali al-Sajjad,Q314978,43,659,713,46,Great-grandson of Muhammad and the fourth of the Shiite Imams
419,Pepin of Herstal,Q91392,44,645,714,44,Mayor of the Palace (635-714)
420,Al-Hajjaj ibn Yusuf,Q293460,45,661,714,38,Umayyad governor and viceroy (c.661-714)
421,Tariq ibn Ziyad,Q230497,46,670,720,58,8th-century Muslim general
422,Hasan al-Basri,Q293500,47,642,728,37,"Arab Muslim scholar, theologian, preacher and judge (c.642–728)"
423,Pope Gregory II,Q103321,48,669,731,78,89th Pope of the Catholic Church (from 715 to 731)
424,Abd al-Rahman ibn Abd Allah al-Ghafiqi,Q220228,49,650,732,38,Muslim general
425,Muhammad al-Baqir,Q311153,50,677,733,41,Fifth of the Twelve Shia Imams
426,Bede,Q154938,51,672,735,70,"Anglo-Saxon monk, writer and saint (672/3–735)"
427,Zayd ibn Ali,Q144287,52,695,740,30,Alid political and religious leader (c.695–740)
428,Leo III the Isaurian,Q31755,53,675,741,68,emperor of Byzantine Empire
429,Charles Martel,Q3301,54,688,741,83,Frankish military and political leader (c. 688–741)
430,"Liutprand, King of the Lombards",Q251836,55,680,744,38,Lombard king
431,John of Damascus,Q51884,56,675,749,67,"Christian monk, priest, hymnographer and apologist (675/6-749)"
432,An Lushan,Q360559,57,703,757,37,Chinese general and emperor of Yan
433,Wang Wei,Q313605,58,699,759,42,"Chinese poet, musician, painter, and statesman"
434,Emperor Xuanzong of Tang,Q9746,59,685,762,42,"7th emperor of the Tang dynasty, reigning from 713 to 756 CE"
435,Li Bai,Q7071,60,701,762,160,Classical Chinese poet of the Tang dynasty (701–762)
436,Padmasambhava,Q231582,61,717,762,56,8th-century Buddhist Lama
437,Ja'far al-Sadiq,Q170046,62,702,765,65,Muslim scholar and Imam (died 765)
438,Abu Hanifa,Q190896,63,699,767,80,8th-century Sunni theologian and jurist
439,Pepin the Short,Q81212,64,715,768,82,King of the Franks from 751 to 768
440,Du Fu,Q33772,65,712,770,119,Tang dynasty Chinese poet (712–770)
441,Constantine V,Q41635,66,718,775,59,emperor of Byzantium
442,Roland,Q207535,67,737,778,57,Frankish knight
443,Abd al-Rahman I,Q29000,68,731,788,60,Emir of Córdoba from 756 to 788
444,Malik ibn Anas,Q312299,69,711,795,67,"Arab Islamic jurist, theologian and hadith traditionist (711–795)"
445,Trisong Detsen,Q366661,70,742,798,31,Emperor of Tibet
446,Musa al-Kazim,Q315031,71,745,799,41,seventh of the Twelve Imams (745–799 CE)
447,Irene of Athens,Q206737,72,752,803,63,empress of Byzantine Empire (752-803)
448,Alcuin,Q154332,73,724,804,54,"8th-century Northumbrian scholar, clergyman, poet, and teacher"
449,Harun al-Rashid,Q131002,74,766,809,85,5th Abbasid caliph (r. 786–809)
450,Charlemagne,Q3044,75,748,814,168,"king of Franks, regarded as the first Holy Roman Emperor (747–814) (742-814)"
451,Krum,Q192104,76,755,814,49,Bulgarian ruler
452,Abu Nuwas,Q5670,77,756,814,148,8th-century classical Arabic poet
453,Jabir ibn Hayyan,Q167852,78,721,815,91,8th-century Islamic alchemist and author
454,Pope Leo III,Q132086,79,750,816,80,Pope of the Catholic Church from 795 to 816 (born 750–816)
455,Ali al-Rida,Q25105,80,770,818,47,eighth of the Twelve Shia Imams (766–818)
456,Al-Shafi'i,Q294281,81,767,820,66,"Arab Muslim theologian, writer and scholar (767–820)"
457,Adi Shankara,Q180967,82,788,820,81,8th-century Hindu philosopher and theologian- Restorer of “Dashanami Sampradaya”.
458,Thomas the Slav,Q313838,83,800,823,35,Byzantine military commander (c. 760–823)
459,Han Yu,Q318998,84,768,824,45,"Chinese historian, poet, philosopher and politician (768–824)"
460,Al-Ma'mun,Q61056,85,786,833,57,"Abbasid caliph (786–833, r. 813–833)"
461,Kūkai,Q222227,86,774,835,43,"Japanese Buddhist monk and calligrapher, the founder of the Shingon school (774–835)"
462,Babak Khorramdin,Q379997,87,798,838,41,9th-century Iranian revolutionary leader
463,Ibn al-Muqaffa',Q1060637,88,724,840,30,8th-century Persian author and translator
464,Louis the Pious,Q43974,89,778,840,82,King of the Franks
465,Al-Mu'tasim,Q284550,90,796,842,49,8th Abbasid Caliph. (r. 833–842)
466,Abu Tammam,Q1750054,91,804,845,35,Muslim Arab poet of Abbasid era (died 850)
467,Al-Khwarizmi,Q9038,92,750,846,152,9th-century Persian mathematician and astronomer
468,Bai Juyi,Q313324,93,772,846,48,Chinese poet of the Tang Dynasty (772-846)
469,Ahmad ibn Hanbal,Q194442,0,780,855,72,Muslim jurist and theologian (780–855)
470,Lothair I,Q150735,1,795,855,65,Emperor of the Carolingian Empire from 817 to 855
471,Kenneth MacAlpin,Q298263,2,810,858,55,King of the Picts
472,Al-Jahiz,Q293497,3,775,868,47,Arabic writer (776–869)
473,Ali al-Hadi,Q315377,4,829,868,34,tenth of the Twelve Shia Imams (828–868)
474,Al-Kindi,Q179759,5,801,870,74,"Muslim Arab philosopher, mathematician and physician (c.801–873)"
475,Muhammad al-Bukhari,Q241026,6,810,870,76,Persian Islamic scholar (810-870)
476,Hunayn ibn Ishaq,Q503130,7,808,873,35,"Arab Christian scholar, physician and scientist (809–873)"
477,Muslim ibn al-Hajjaj,Q140124,8,817,875,62,Arab Muslim hadith scholar (821–875)
478,Louis II of Italy,Q215204,9,825,875,57,Ruler of the Holy Roman Empire from 844 to 875
479,John Scotus Eriugena,Q184500,10,800,877,51,Irish Catholic philosopher and theologian (c. 800 – c. 877)
480,Charles the Bald,Q71231,11,823,877,79,King of West Francia from 843 to 877 and Carolingian Emperor from 875 to 877
481,Rurik,Q7990,12,830,879,70,Varangian chieftain (c. 830-879)
482,Ahmad ibn Tulun,Q374374,13,835,884,33,Emir of Egypt and Syria from 868 to 884
483,Basil I,Q41592,14,811,886,59,Byzantine emperor from 867 to 886
484,Abbas ibn Firnas,Q305975,15,810,887,56,9th century astronomer and physician
485,Charles the Fat,Q150712,16,839,888,70,Emperor of the Carolingian Empire (839-888) (r. 881-887)
486,Abu Hanifa Dinawari,Q293520,17,828,895,34,Persian Islamic polymath (died 895)
487,Alfred the Great,Q83476,18,849,899,93,king of Wessex (r. 872–901)
488,Al-Mu'tadid,Q284567,19,854,902,41,16th Abbasid Caliph from 892 to 902
489,Boris I of Bulgaria,Q311057,20,828,907,44,Bulgarian ruler
490,Árpád,Q210207,21,845,907,53,Grand Prince of the Hungarians
491,Ingólfr Arnarson,Q209138,22,848,910,51,Viking settler of Iceland
492,Oleg the Wise,Q6131983,23,845,912,63,prince of Kiev
493,Budai,Q599838,24,850,916,40,figure in Buddhist and East Asian religious traditions
494,Al-Tabari,Q192124,25,839,922,61,"Iranian scholar, historian and commentator on the Qur'an (839–923)"
495,Edward the Elder,Q187114,26,874,924,58,king of the Anglo-Saxons (r. 899–924)
496,Abu Bakr al-Razi,Q169234,27,866,925,88,"Persian polymath, physician, chemist and philosopher (854-925)"
497,Simeon I of Bulgaria,Q192264,28,864,927,59,Bulgarian Tsar who ruled from 893 to 927
498,Pope John X,Q227976,29,860,929,72,10th-century pope
499,Rollo,Q273773,30,846,932,54,10th-century Viking and Count of Rouen
500,Harald Fairhair,Q206123,31,851,933,51,King of Norway
501,Abu al-Hasan al-Ash'ari,Q316349,32,873,935,46,Muslim theologian (874–936)
502,"Wenceslaus I, Duke of Bohemia",Q196527,33,907,935,47,duke and saint
503,Henry the Fowler,Q150620,34,876,936,64,King of East Francia (919–936); Duke of Saxony (912–936)
504,Æthelstan,Q170017,35,895,939,71,King of Wessex and first king of England (r. 924-939)
505,Rudaki,Q312954,36,859,941,61,"Persian poet, the father of Persian poetry"
506,Saadia Gaon,Q328748,37,882,942,37,"rabbi, translator, Jewish philosopher and theologian (0882-0942) active during the Abbasid Caliphate in Egypt and Irak"
507,Taejo of Goryeo,Q334312,38,877,943,38,founder of the Goryeo Dynasty (877-943)
508,Abu Mansur al-Maturidi,Q12827721,39,893,944,34,Persian Muslim theologian (853–944)
509,Edmund I,Q190166,40,920,946,59,King of England (r. 939–946)
510,Al-Farabi,Q160460,41,872,951,83,10th century Persian philosopher and jurist
511,Eadred,Q191767,42,923,955,58,King of England (r. 946–955)
512,Al-Masudi,Q168705,43,896,957,64,"10th-century Arab historian, geographer, and traveller"
513,Constantine VII,Q41608,44,905,959,60,Byzantine emperor
514,Eadwig,Q191203,45,940,959,58,King of the English (r. 955–959)
515,Abd al-Rahman III,Q190418,46,891,961,58,final Emir of Córdoba (r. 912–929); founder and 1st Caliph of Córdoba (r. 929–961)
516,Al-Mutanabbi,Q284542,47,920,965,35,Arab poet (c. 915 – 965)
517,Hrotsvitha,Q170248,48,935,968,32,"German secular canoness, dramatist, and poet"
518,Olga of Kiev,Q193198,49,890,969,59,"princess of Kiev, Orthodox saint (c. 890–925)"
519,Nikephoros II Phokas,Q41625,50,912,969,54,Byzantine emperor from 963 to 969
520,Sviatoslav I,Q1058572,51,942,972,72,Prince of Kiev
521,Otto the Great,Q43915,52,912,973,86,Holy Roman Emperor from 962 to 973
522,Gwangjong of Goryeo,Q469387,53,925,975,32,Goryeo ruler (925-975)
523,Al-Mu'izz li-Din Allah,Q335443,54,931,975,34,4th Caliph of the Fatimid dynasty (r. 953–975)
524,"Edgar, King of England",Q192925,55,943,975,57,King of the English (r. 959–975)
525,Emperor Taizu of Song,Q7471,56,927,976,41,founding emperor of the Song Dynasty (reigned 960-976)
526,"Otto II, Holy Roman Emperor",Q150512,57,955,983,62,Holy Roman Emperor from 973 to 983 and King of Italy from 980 to 983
527,Harald Bluetooth,Q201041,58,911,985,57,King of Denmark and Norway
528,Abd al-Rahman al-Sufi,Q11075,59,903,986,54,Persian astronomer (903-986)
529,Hugh Capet,Q159575,60,940,996,78,King of the Franks
530,"Otto III, Holy Roman Emperor",Q151090,61,980,1002,59,Holy Roman Emperor from 996 to 1002
531,Erik the Red,Q172345,62,950,1003,65,explorer and founder of the first viking settlement in Greenland
532,Al-Zahrawi,Q311495,63,936,1010,53,"Arab Andalusian physician, surgeon and chemist (936–1013)"
533,Almanzor,Q334861,64,938,1010,38,Arab Andalusian military leader and statesman (c.938-1002)
534,Samuel of Bulgaria,Q270740,65,958,1014,43,Tsar of Bulgaria from 997 to 1014
535,Murasaki Shikibu,Q81731,66,973,1014,144,Japanese novelist and poet (c.973–c.1014)
536,Vladimir the Great,Q14974,67,958,1015,75,Grand Prince of Kiev
537,Æthelred the Unready,Q183499,68,967,1016,59,King of England
538,Ferdowsi,Q43459,69,940,1020,104,"Persian poet, author of Shahnameh (940–1020)"
539,Leif Erikson,Q42838,70,972,1020,102,norse explorer (c. 970 – c. 1020)
540,Al-Hakim bi-Amr Allah,Q342137,71,985,1021,45,6th Fatimid caliph (r. 996–1021) and 16th Ismaili Imam
541,Basil II,Q41833,72,958,1025,67,Byzantine Emperor from the Macedonian dynasty
542,Sei Shōnagon,Q231603,73,966,1025,60,Japanese author and court lady
543,Bolesław I the Brave,Q53436,74,967,1025,63,first King of Poland (967–1025)
544,Mahmud of Ghazni,Q189271,75,971,1030,64,Sultan of the Ghaznavid Empire from 998 to 1030
545,Sancho III of Pamplona,Q296652,76,985,1035,39,King of Pamplona and ruler of Aragon from 1004 to 1035
546,Cnut,Q134128,77,994,1035,76,"11th-century King of Denmark, Norway, and England"
547,Avicenna,Q8011,78,980,1037,162,"Persian polymath, physician and philosopher (c. 980–1037)"
548,Ibn al-Haytham,Q11104,79,965,1038,92,"Persian physicist, mathematician and astronomer (c. 965 – c. 1040)"
549,Stephen I of Hungary,Q177903,80,969,1038,70,11th-century king of Hungary and saint
550,"Conrad II, Holy Roman Emperor",Q152256,81,990,1039,53,Holy Roman Emperor
551,Harold Harefoot,Q188627,82,1016,1040,57,King of England from 1035 to 1040
552,Harthacnut,Q190091,83,1018,1042,54,"King of England from 1040 to 1042, King of Denmark from 1035 à 1042"
553,Al-Biruni,Q11826,84,973,1048,96,11th-century Persian scholar and polymath (973–1048)
554,Guido of Arezzo,Q192238,85,992,1050,59,"11th century Italian monk, inventor of modern musical notation"
555,Yaroslav the Wise,Q188943,86,978,1054,64,Grand Prince of Kiev from 1019 to 1054
556,Atiśa,Q320150,87,982,1054,40,Bengali Buddhist scholar
557,Pope Leo IX,Q58559,88,1002,1054,71,Head of the Catholic Church from 1049 to 1054
558,Constantine IX Monomachos,Q30594,89,1000,1055,53,Byzantine emperor (1000-1055)
559,"Henry III, Holy Roman Emperor",Q153023,90,1016,1056,56,Holy Roman Emperor
560,"Macbeth, King of Scotland",Q244403,91,1005,1057,55,King of Scotland from 1040 to 1057
561,Henry I of France,Q178908,92,1008,1060,64,king of the Franks from 1031 to 1060 (1008–1060)
562,Tughril I,Q144565,93,990,1063,53,Founder of the Seljuk Empire (1037–1063)
563,Harald Hardrada,Q203647,94,1015,1066,60,King of Norway from 1046 to 1066
564,Harold Godwinson,Q159597,95,1022,1066,73,Anglo-Saxon King of England in 1066
565,Lady Godiva,Q106077,96,990,1067,57,"Anglo-Saxon noblewoman, Countess of Leicester"
566,Alp Arslan,Q200193,97,1029,1072,62,second sultan of the Seljuk Empire (1063–1072)
567,Robert Guiscard,Q203792,98,1016,1085,51,Duke of Apulia and Calabria
568,Pope Gregory VII,Q133063,99,1020,1085,80,Pope of the Catholic Church from 1073 to 1085
569,Wang Anshi,Q319618,100,1021,1086,40,Song Dynasty chancellor and poet (1021-1086)
570,William the Conqueror,Q37594,101,1028,1087,107,"King of England from 1066 to 1087, Duke of Normandy from 1035 to 1087 (1028–1087)"
571,Malcolm III of Scotland,Q68508,102,1031,1093,49,King of Scotland from 1058 to 1093
572,Shen Kuo,Q270085,103,1031,1095,58,Chinese scientist and statesman (1031-1095)
573,Pope Urban II,Q30578,104,1035,1099,89,11th century pope and initiator of the Crusades
574,William II of England,Q102005,105,1060,1100,69,King of England from 1087 to 1100
575,Godfrey of Bouillon,Q76721,106,1060,1100,67,Medieval Frankish knight
576,Władysław I Herman,Q54046,107,1043,1102,35,Duke of Poland (1043-1102)
577,Rashi,Q26456,0,1040,1105,48,French rabbi and commentator (1040–1105)
578,Yusuf ibn Tashfin,Q369981,1,1009,1106,42,"Leader of the Almoravid dynasty (r. 1061–1106), founder of Marrakech and a key figure in consolidating power in southern Morocco before expanding into Al-Andalus."
579,"Henry IV, Holy Roman Emperor",Q60094,2,1050,1106,67,Holy Roman Emperor from 1084 to 1105
580,Philip I of France,Q58907,3,1052,1108,63,king of the Franks from 1060 to 1108
581,Anselm of Canterbury,Q43939,4,1033,1109,72,"11th‑century Benedictine monk, Archbishop of Canterbury, philosopher and theologian"
582,Alfonso VI of León and Castile,Q235080,5,1040,1109,47,"King of León (1065 to 1109), of Castile (1072 to 1109), and of Galicia (1071 to 1109)"
583,Al-Ghazali,Q9546,6,1058,1111,123,Persian Sunni Muslim scholar and mystic (c.1058–1111)
584,"Coloman, King of Hungary",Q83066,7,1070,1116,43,king of Hungary (1095-1116)
585,Alexios I Komnenos,Q41600,8,1048,1118,69,Byzantine emperor (1048–1118)
586,Pope Paschal II,Q227967,9,1050,1118,68,Head of the Catholic Church from 1099 to 1118
587,Baldwin I of Jerusalem,Q51717,10,1058,1118,49,King of Jerusalem from 1100 to 1118
588,Hasan-i Sabbah,Q124745907,11,1037,1124,46,The founder of the Ismaili state of Alamut and the Imam of the Nizari Ismailis (1081–1124)
589,David IV,Q36760,12,1073,1125,53,King of Georgia (1073-1125)
590,"Henry V, Holy Roman Emperor",Q151707,13,1086,1125,54,"King of Germany and Holy Roman Emperor, the fourth and last ruler of the Salian dynasty"
591,Omar Khayyam,Q35900,14,1048,1131,115,Persian mathematician and poet (1048–1131)
592,Henry I of England,Q101384,15,1068,1135,75,King of England from 1100 to 1135 (1068–1135)
593,"Lothair III, Holy Roman Emperor",Q77189,16,1075,1137,48,Holy Roman Emperor from 1133 to 1137
594,Louis VI of France,Q165883,17,1081,1137,63,king of the Franks from 1108 to 1137
595,Avempace,Q11362,18,1095,1139,52,Arab Andalusian polymath (c. 1085 – 1138)
596,Peter Abelard,Q4295,19,1079,1142,76,"French scholastic philosopher, theologian and preeminent logician (c.1079-1142)"
597,John II Komnenos,Q41628,20,1087,1143,57,Byzantine Emperor from 1118 to 1144
598,Geoffrey of Monmouth,Q188344,21,1100,1150,58,"Historian and Bishop of St Asaph, Wales (c.1095–1155)"
599,Anna Komnene,Q179284,22,1083,1153,57,Byzantine princess and historian
600,David I of Scotland,Q216787,23,1084,1153,53,King of Alba from 1124 to 1153
601,Bernard of Clairvaux,Q188411,24,1090,1153,67,"Burgundian saint, abbot and theologian (1090-1153)"
602,"Stephen, King of England",Q60849,25,1095,1154,65,King of England from 1135 to 1154
603,Roger II of Sicily,Q193901,26,1095,1154,51,King of Sicily from 1130 to 1154
604,Abdul Qadir Gilani,Q307365,27,1078,1166,54,"Sunni Muslim preacher, mystic and jurist (1078–1166)"
605,Muhammad al-Idrisi,Q173441,28,1110,1166,84,andalusian geographer (1100–1165)
606,Empress Matilda,Q150872,29,1102,1167,66,Holy Roman Empress (1114–1125); claimant to the English throne
607,Thomas Becket,Q192236,30,1119,1170,60,"English archbishop and martyr, 1119/1120–1170"
608,Hildegard of Bingen,Q70991,31,1098,1179,91,"German Benedictine abbess, polymath, mystic and Doctor of Church (1098–1179)"
609,Manuel I Komnenos,Q41610,32,1118,1180,70,Byzantine Emperor
610,Louis VII of France,Q134259,33,1120,1180,70,King of France from 1137 to 1180 (1120–1180)
611,Pope Alexander III,Q160116,34,1100,1181,78,pope of the Catholic Church from 1159 to 1181
612,Chrétien de Troyes,Q4302,35,1135,1181,62,12th century French poet and trouvère
613,Henry the Young King,Q235238,36,1155,1183,52,second of five sons of King Henry II of England and Eleanor of Aquitaine
614,Afonso I of Portugal,Q587697,37,1109,1185,67,king of Portugal from 1139 to 1185
615,Ibn Tufayl,Q251259,38,1110,1185,49,Arab Muslim polymath (c. 1105–1185)
616,Bhāskara II,Q213385,39,1114,1185,59,Indian mathematician and astronomer (c.1114–1185)
617,Henry II of England,Q102140,40,1133,1189,81,King of England from 1154 to 1189
618,Frederick Barbarossa,Q79789,41,1122,1190,93,Holy Roman Emperor from 1155 to 1190
619,Saladin,Q8581,42,1138,1193,144,Sultan of Egypt and founder of the Ayyubid dynasty (1137–1193)
620,Guy of Lusignan,Q294192,43,1150,1194,47,French Poitevin knight and King of Jerusalem by right of marriage (c.1150–1194) (r. 1186–1192)
621,Henry the Lion,Q105378,44,1129,1195,51,"Welf dynasty, Duke of Saxony, as Henry III, and Duke of Bavaria, as Henry XII (1129-1195)"
622,Averroes,Q39837,45,1126,1198,112,Arab Andalusian Muslim writer and philosopher (1126–1198)
623,Minamoto no Yoritomo,Q242800,46,1147,1199,49,1st shogun of the Kamakura shogunate (1147–1199)
624,Richard I of England,Q42305,47,1157,1199,100,King of England from 1189 to 1199 (1157–1199)
625,Zhu Xi,Q9397,48,1130,1200,113,"Chinese historian, Neoconfucian philosopher, poet, and politician during the Song dynasty (1130–1200)"
626,Eleanor of Aquitaine,Q178525,49,1124,1204,64,Queen consort of France; Queen consort of England; suo jure Duchess of Aquitaine; patroness
627,Maimonides,Q127398,50,1138,1204,87,Medieval Jewish philosopher from Spain (1135–1204)
628,Enrico Dandolo,Q205688,51,1107,1205,46,Doge of Venice (1107-1205)
629,Muhammad of Ghor,Q1647182,52,1144,1206,44,ruler of Ghurid Sultanate from 1173 to 1206
630,Nizami Ganjavi,Q234908,53,1141,1209,72,Persian poet
631,Arnaut Daniel,Q4344,54,1150,1210,45,Occitan troubadour
632,Pope Innocent III,Q128076,55,1160,1216,84,Head of the Catholic Church from 1198 to 1216
633,"John, King of England",Q129308,56,1166,1216,87,King of England from 1199 to 1216
634,Shota Rustaveli,Q132984,57,1172,1216,79,Georgian poet
635,"Otto IV, Holy Roman Emperor",Q151457,58,1175,1218,56,Holy Roman Emperor from 1209 to 1218
636,Saint Dominic,Q44091,59,1170,1221,66,founder of the Dominican Order (1170–1221)
637,Philip II of France,Q34428,60,1165,1223,77,"King of France, and the first to be called by that title (1165–1223)"
638,Francis of Assisi,Q676555,61,1182,1226,106,"Italian Catholic saint, friar, deacon and preacher and founder of the Franciscan Order (1181/2–1226)"
639,Louis VIII of France,Q165284,62,1187,1226,71,King of France 1223-1226 (1187–1226)
640,Genghis Khan,Q720,63,1162,1227,181,founder and first khan of the Mongol Empire (1162–1227)
641,Jochi,Q186581,64,1182,1227,63,military leader; eldest son of Genghis Khan
642,Pérotin,Q206275,65,1155,1230,46,French composer
643,Anthony of Padua,Q167477,66,1195,1231,72,"Franciscan saint, Doctor of the Church (1195–1231)"
644,Tolui,Q7517,67,1191,1232,55,son of Genghis Khan and regent of the Mongol Empire (c.1191 – 1232)
645,Fibonacci,Q8763,68,1170,1240,118,Italian mathematician (c.1170–c.1240/50)
646,Pope Gregory IX,Q124831,69,1160,1241,76,pope of the Catholic Church from 1227 to 1241
647,Snorri Sturluson,Q102323,70,1179,1241,68,"Icelandic historian, poet and politician (AD 1179–1241)"
648,Ögedei Khan,Q7519,71,1186,1241,81,Khan of the Mongol Empire (c.1186-1241) (r. 1229-1241)
649,"Frederick II, Holy Roman Emperor",Q130221,72,1194,1250,81,"King of Sicily, Holy Roman Emperor (1194–1250, 1220–1250)"
650,Giovanni da Pian del Carpine,Q315149,73,1182,1252,47,Roman Catholic archbishop and traveller (1182–1252)
651,Batu Khan,Q175138,74,1205,1255,77,Khan of the Golden Horde
652,Möngke Khan,Q7521,75,1209,1259,55,Fourth Great Khan of the Mongol Empire
653,Alexander Nevsky,Q174044,76,1220,1263,75,political and military figure of Kievan Rus' (1246–1263)
654,Hulegu Khan,Q177320,77,1217,1265,77,Western Asian Mongol ruler (c. 1217–1265)
655,Louis IX of France,Q346,78,1214,1270,87,King of France from 1226 to 1270 (1214–1270)
656,Henry III of England,Q160311,79,1207,1272,74,King of England from 1216 to 1272
657,Nasir al-Din al-Tusi,Q302835,80,1201,1273,65,Persian astronomer (1201–1274)
658,Rumi,Q43347,81,1207,1273,117,Iranian poet
659,Bonaventure,Q43746,82,1221,1274,64,"Franciscan, bishop, cardinal, Doctor of the Church, Catholic saint"
660,Thomas Aquinas,Q9438,83,1225,1274,162,"Italian Dominican friar, philosopher, Catholic priest, and Doctor of the Church (1225–1274)"
661,Madhvacharya,Q335371,84,1190,1278,50,13th century Hindu Dvaita philosopher
662,Ottokar II of Bohemia,Q150320,85,1233,1278,48,King of Bohemia (1253-1278)
663,Albertus Magnus,Q60059,86,1193,1280,78,German-Dominican friar and saint (c. 1200–1280)
664,Alfonso X of Castile,Q47595,87,1221,1284,59,King of Castile from 1252 to 1284
665,Peter III of Aragon,Q312311,88,1239,1285,49,King of Aragon and Valencia (1276–85); King of Sicily (1282–85)
666,Philip III of France,Q172203,89,1245,1285,67,king of France from 1270 to 1285 (1245–1285)
667,Saadi Shirazi,Q170302,90,1210,1291,82,Persian poet
668,Rudolf I of Germany,Q76956,91,1218,1291,60,"count of Habsburg, king of Germany (1218–1291)"
669,Roger Bacon,Q171677,92,1220,1292,72,"English polymath, philosopher and friar (c.1219/20–c.1292)"
670,Kublai Khan,Q7523,93,1215,1294,102,"founding emperor of the Yuan dynasty, grandson of Genghis Khan (1215–1294)"
671,Cimabue,Q15790,94,1240,1302,59,Italian artist (1240–1302)
672,Arnolfo di Cambio,Q315249,95,1240,1302,43,Italian architect and sculptor (1240–1302)
673,Pope Boniface VIII,Q134646,96,1235,1303,74,pope of the Catholic Church from 1294 to 1303
674,William Wallace,Q82457,97,1270,1305,82,Scottish knight and leading figure in the First War of Scottish Independence
675,Wenceslaus II of Bohemia,Q155581,98,1271,1305,44,King of Bohemia and Poland
676,Edward I,Q57798,99,1239,1307,82,King of England from 1272 to 1307
677,Duns Scotus,Q190089,100,1265,1308,67,Scottish Franciscan friar and philosopher (c. 1265/66–1308)
678,"Henry VII, Holy Roman Emperor",Q152717,101,1275,1313,51,King of the Romans from 1308 to 1313 (1275–1313)
679,Philip IV of France,Q130969,102,1268,1314,79,King of France from 1285 to 1314 (1268–1314)
680,Ramon Llull,Q193660,103,1232,1316,61,Majorcan writer and philosopher (c.1232–1315/6)
681,Louis X of France,Q8384,104,1289,1316,65,King of France from 1314 to 1316
682,Rashid al-Din Hamadani,Q328782,105,1247,1318,55,Persian physician and historian (1247-1318)
683,Duccio,Q15792,106,1255,1319,63,Italian painter
684,Dante Alighieri,Q1067,107,1265,1321,200,"Florentine poet, writer, and philosopher (c. 1265–1321)"
685,Philip V of France,Q8433,108,1293,1322,59,King of France and Navarre (r. 1316-1322)
686,Marco Polo,Q6101,109,1254,1324,184,Venetian explorer and merchant who travelled through Asia (1254–1324)
687,Amir Khusrau,Q207817,110,1253,1325,70,"Indian poet, writer, singer and scholar (1253–1325)"
688,Osman I,Q83100,111,1258,1326,98,founder of the Ottoman Empire (died 1323/4)
689,Edward II,Q5236,112,1284,1327,73,King of England from 1307 to 1327
690,Ibn Taymiyya,Q491558,113,1263,1328,66,"Islamic scholar, jurist and philosopher (1263–1328)"
691,Charles IV of France,Q174964,114,1294,1328,64,King of France and Navarre from 1322 to 1328 (1294–1328)
692,Robert the Bruce,Q187312,115,1274,1329,73,King of Scotland (1306–1329)
693,Pope John XXII,Q165568,116,1244,1334,72,pope of the Catholic Church from 1316 to 1334
694,Giotto,Q7814,117,1267,1337,93,Italian painter and architect (c. 1267–1337)
695,Mansa Musa,Q309333,118,1280,1337,79,14th-century emperor (mansa) of the Mali Empire
696,Gediminas,Q244852,119,1275,1341,49,Grand Duke of Lithuania (1316-1341)
697,"Louis IV, Holy Roman Emperor",Q57161,120,1282,1347,57,Duke of Bavaria and Holy Roman Emperor
698,Ambrogio Lorenzetti,Q211562,121,1290,1348,47,Italian painter (1290-1348)
699,William of Ockham,Q43936,122,1285,1349,79,English Franciscan friar and theologian (c.1287–1347)
700,Philip VI of France,Q170586,123,1293,1350,68,King of France from 1328 to 1350
701,Stefan Dušan,Q207303,0,1308,1355,47,emperor of Serbia 1331–1355
702,Jean Buridan,Q275500,1,1295,1358,46,medieval philosopher (ca. 1300-1358)
703,John II of France,Q169992,2,1319,1364,65,monarch of the House of Valois who ruled as King of France from 1350 until his death
704,Ibn Battuta,Q7331,3,1304,1368,146,14th century Muslim Maghrebi scholar and explorer
705,Ibn Kathir,Q369690,4,1301,1373,45,"Syrian Islamic historian, exegete and scholar (c.1300–1373)"
706,Petrarch,Q1401,5,1304,1374,112,Italian scholar and poet (1304-1374)
707,Giovanni Boccaccio,Q1402,6,1313,1375,111,Italian author and poet (1313–1375)
708,Edward the Black Prince,Q184854,7,1330,1376,60,Prince of Wales (1330-1376)
709,Guillaume de Machaut,Q200580,8,1300,1377,54,Medieval French composer and poet (c. 1300–1377)
710,Edward III,Q129247,9,1312,1377,79,King of England from 1327 to 1377
711,"Charles IV, Holy Roman Emperor",Q155669,10,1316,1378,75,Holy Roman Emperor
712,Charles V of France,Q167782,11,1338,1380,72,King of France from 1364 to 1380 (1338–1380)
713,Catherine of Siena,Q229190,12,1347,1380,67,Italian Dominican saint (1347-1380)
714,Louis I of Hungary,Q53998,13,1326,1382,55,"King of Hungary, Poland and Croatia"
715,John Wycliffe,Q173893,14,1320,1384,69,English theologian and early dissident in the Roman Catholic Church
716,Pope Urban VI,Q171626,15,1318,1389,72,pope of the Catholic Church from 1378 to 1389 (1318–1389)
717,Hafez,Q6240,16,1326,1389,135,Persian poet and mystic (1325–1389)
718,Murad I,Q96261,17,1326,1389,74,third Ottoman sultan (1362–1389)
719,Dmitry Donskoy,Q188995,18,1350,1389,61,Prince of Moscow
720,Antipope Clement VII,Q320371,19,1342,1394,40,antipope from 1378 to 1394
721,Hongwu Emperor,Q9957,20,1328,1398,61,founding emperor of China's Ming dynasty; ruled 1368–1398
722,John of Gaunt,Q193752,21,1340,1399,55,English magnate of the House of Plantagenet (1340-1399)
723,Jadwiga of Poland,Q53449,22,1374,1399,58,Queen of Poland (1384–1399)
724,Geoffrey Chaucer,Q5683,23,1343,1400,144,14th century English poet and author (1343–1400)
725,Richard II of England,Q81000,24,1367,1400,71,King of England from 1377 to 1399
726,Timur,Q8462,25,1336,1405,143,the founder of the Timurid Empire (1370–1405)
727,Ibn Khaldun,Q9294,26,1332,1406,138,Arab historiographer and historian
728,Tokhtamysh,Q309585,27,1342,1406,50,Khan of the Golden Horde
729,Taejo of Joseon,Q378483,28,1335,1408,46,the first king of Joseon Dynasty in Korean history
730,Margaret I of Denmark,Q202266,29,1353,1412,63,"Queen of Denmark, Norway, and Sweden"
731,Owain Glyndŵr,Q317279,30,1354,1415,41,Prince of Wales
732,Jan Hus,Q43977,31,1369,1415,84,"Czech theologian, philosopher and preacher (1369-1415)"
733,Mircea the Elder,Q322043,32,1355,1418,35,Ruler of Wallachia
734,Antipope John XXIII,Q294599,33,1370,1419,49,Italian bishop; Pisan antipope (1410–1415)
735,Charles VI of France,Q160349,34,1368,1422,75,King of France from 1380 to 1422 (1368–1422)
736,Henry V of England,Q131581,35,1386,1422,80,King of England from 1413 to 1422
737,Masaccio,Q5811,36,1401,1428,76,Italian painter (1401-1428)
738,Vytautas the Great,Q218186,37,1352,1430,52,Grand Duke of Lithuania
739,Pope Martin V,Q169612,38,1369,1431,73,pope of the Catholic Church from 1417 to 1431
740,Joan of Arc,Q7226,39,1412,1431,161,"French folk heroine (1412–1431), military leader who crowned Charles VII and Roman Catholic saint, canonized 500 years after her death"
741,Zheng He,Q7333,40,1371,1433,145,"Chinese mariner, explorer, and diplomat"
742,Władysław II Jagiełło,Q54049,41,1362,1434,70,King of Poland and Grand Duke of Lithuania
743,Jan van Eyck,Q102272,42,1390,1441,80,Flemish painter (c.1390–1441)
744,Filippo Brunelleschi,Q174330,43,1377,1446,67,"Italian architect, sculptor and engineer"
745,Ulugh Beg,Q486088,44,1394,1449,75,"Timurid sultan, astronomer and mathematician (1394–1449)"
746,Sejong the Great,Q37682,45,1397,1450,69,"fourth king of Joseon (Korea), creator of Hangul"
747,Lorenzo Ghiberti,Q208125,46,1378,1455,50,Italian sculptor and architect (1378–1455)
748,Fra Angelico,Q5664,47,1400,1455,73,Italian Early Renaissance painter
749,Erik of Pomerania,Q161958,48,1381,1459,47,"King of Norway, Denmark, Sweden, Kalmar Union"
750,Pachacuti,Q213758,49,1380,1460,46,11th Inca Emperor
751,Prince Henry the Navigator,Q182897,50,1394,1460,66,Portuguese prince and governor (1394–1460)
752,Charles VII of France,Q133372,51,1403,1461,74,monarch of the House of Valois who ruled as King of France
753,François Villon,Q849,52,1431,1463,75,French poet and criminal
754,Cosimo de' Medici,Q48544,53,1389,1464,56,First ruler of the Medici political dynasty (1389–1464)
755,Rogier van der Weyden,Q68631,54,1390,1464,61,early Netherlandish painter (c. 1399–1464)
756,Donatello,Q37562,55,1386,1466,103,Early Renaissance Italian sculptor (1386–1466)
757,Johannes Gutenberg,Q8958,56,1400,1468,168,German inventor and craftsman (1400-1468)
758,Skanderbeg,Q160614,57,1405,1468,78,Albanian noble and military commander (1405–1468)
759,Henry VI of England,Q160337,58,1421,1471,72,"King of England from 1422 to 1461 and from 1470 to 1471, disputed King of France from 1422 to 1453"
760,Vlad the Impaler,Q43715,59,1431,1476,84,15th-century ruler of Wallachia
761,Mehmed II,Q34503,60,1432,1481,108,"seventh Sultan of the Ottoman Empire (1444–1446, 1451–1481)"
762,Louis XI,Q8058,61,1423,1483,75,king of France from 1461 to 1483 (1423–1483)
763,Edward IV,Q160341,62,1442,1483,74,King of England from 1461 to 1470 and 1471 to 1483
764,Pope Sixtus IV,Q163514,63,1414,1484,77,pope of the Catholic Church from 1471 to 1484
765,Jami,Q312458,64,1414,1492,66,Persian poet (1414–1492)
766,Piero della Francesca,Q5822,65,1415,1492,67,Italian painter and mathematician (c. 1416–1492)
767,Casimir IV Jagiellon,Q53459,66,1427,1492,49,King of Poland and Grand Duke of Lithuania
768,Lorenzo de' Medici,Q177854,67,1449,1492,75,"Italian politician, literary man and humanist"
769,"Frederick III, Holy Roman Emperor",Q150966,68,1415,1493,63,Holy Roman Emperor and Austrian archduke and duke (1452–1493)
770,Tomás de Torquemada,Q210735,69,1420,1498,52,Grand Inquisitor of Spain (1420-1498)
771,Pope Alexander VI,Q108316,70,1431,1503,93,pope of the Catholic Church 1492–1503 from the Borgia family (1430/32-1503)
772,Isabella I of Castile,Q45859,71,1451,1504,97,"queen of the Crown of Castile, from 1474 to 1504; first queen of a dynastically-united Spain, from 1479 to 1504 (1451–1504)"
773,Christopher Columbus,Q7322,72,1451,1506,215,"Italian navigator, explorer, and colonist (1451–1506)"
774,Gentile Bellini,Q290407,73,1429,1507,49,Italian painter of the renaissance (1429–1507)
775,Sandro Botticelli,Q5669,74,1445,1510,104,Italian painter (1445–1510)
776,Bayezid II,Q165983,75,1447,1512,72,the eighth Sultan of the Ottoman Empire (1481–1512)
777,Amerigo Vespucci,Q47674,76,1454,1512,107,"Florentine explorer, financier, navigator and cartographer"
778,Pope Julius II,Q80516,77,1443,1513,89,pope of the Catholic Church from 1503 to 1513 (1443–1513)
779,Giovanni Bellini,Q17169,78,1430,1516,68,15th- and 16th-century Italian Renaissance painter (1430–1516)
780,Hieronymus Bosch,Q130531,79,1450,1516,87,Dutch painter (c. 1450–1516)
781,Leonardo da Vinci,Q762,80,1452,1519,243,Italian Renaissance polymath (1452−1519)
782,Pedro Álvares Cabral,Q174432,81,1467,1520,81,Portuguese military commander and explorer (c.1467/8 – c.1521)
783,Raphael,Q5597,82,1483,1520,179,Italian painter and architect (1483–1520)
784,Ferdinand Magellan,Q1496,83,1480,1521,182,Portuguese explorer in the service of Spain
785,Vasco da Gama,Q7328,84,1469,1524,172,Portuguese explorer (c. 1460s – 1524)
786,Niccolò Machiavelli,Q1399,85,1469,1527,157,Italian diplomat and political and military theorist (1469–1527)
787,Albrecht Dürer,Q5580,86,1471,1528,165,"German painter, printmaker, mathematician, and theorist (1471-1528)"
788,Thomas More,Q42544,87,1478,1535,98,"English statesman, lawyer and philosopher (1478–1535)"
789,Erasmus,Q43499,88,1466,1536,104,"Dutch Renaissance humanist, Catholic priest, and theologian (1466-1536)"
790,Anne Boleyn,Q80823,89,1507,1536,92,second wife of Henry VIII of England (died 1536)
791,Guru Nanak,Q83322,90,1469,1539,95,First Sikh Guru and founder of Sikhism
792,Francisco Pizarro,Q44741,91,1478,1541,87,Spanish conquistador who conquered the Inca Empire
793,Nicolaus Copernicus,Q619,92,1473,1543,179,Polish mathematician and astronomer (1473-1543)
794,Martin Luther,Q9554,93,1483,1546,198,German priest and theologian (1483–1546)
795,Hernán Cortés,Q7326,94,1485,1547,154,Spanish conquistador
796,Henry VIII,Q38370,95,1491,1547,109,King of England from 1509 to 1547 (1491–1547)
797,François Rabelais,Q131018,96,1494,1553,95,16th-century French writer and humanist (1494–1553)
798,Edward VI,Q83229,97,1537,1553,87,king of England and Ireland from 1547 to 1553
799,Jacques Cartier,Q7321,98,1491,1557,153,Breton maritime explorer of North America (1491–1557)
800,"Charles V, Holy Roman Emperor",Q32500,99,1500,1558,105,Holy Roman Emperor from 1519 to 1556 (1500–1558)
801,Mary I,Q82674,100,1516,1558,93,Queen of England and Ireland from 1553 to 1558
802,Michelangelo,Q5592,101,1475,1564,215,Italian artist and architect (1475-1564)
803,John Calvin,Q37577,102,1509,1564,112,French Protestant reformer (1509-1564)
804,Suleiman the Magnificent,Q8474,103,1494,1566,137,the tenth and greatest Sultan of Ottoman Empire (1520–1566)
805,Nostradamus,Q39978,104,1503,1566,103,French seer and astrologer (1503–1566)
806,Pieter Bruegel the Elder,Q43270,105,1525,1569,84,Flemish painter (1526–1569)
807,Giorgio Vasari,Q128027,106,1511,1574,78,"Italian painter, architect, writer and historian (1511-1574)"
808,Titian,Q47551,107,1488,1576,98,Italian painter (c.1490–1576)
809,Luís de Camões,Q590,108,1524,1580,91,16th-century Portuguese poet
810,Teresa of Ávila,Q174880,109,1515,1582,77,Roman Catholic saint (1515-1582)
811,Oda Nobunaga,Q171411,110,1534,1582,76,Japanese samurai and warlord (1534–1582)
812,Ivan the Terrible,Q7996,111,1530,1584,108,Tsar and Grand Duke of all Rus' from 1547 to 1584
813,Pope Gregory XIII,Q83029,112,1502,1585,89,pope of the Catholic Church from 1572 to 1585 (1502–1585)
814,Mimar Sinan,Q5600,113,1490,1588,133,16th-century Ottoman chief architect and civil engineer
815,Paolo Veronese,Q9440,114,1528,1588,73,Italian painter of the Renaissance (1528–1588)
816,Catherine de' Medici,Q131552,115,1519,1589,80,queen-consort and regent of France (1519–1589)
817,Henry III of France,Q53448,116,1551,1589,72,King of France from 1574 to 1589 (1551-1589)
818,Michel de Montaigne,Q41568,117,1533,1592,90,"French author, philosopher, and statesman (1533–1592)"
819,Tintoretto,Q9319,118,1518,1594,78,Renaissance painter (1518/1519–1594)
820,Giovanni Pierluigi da Palestrina,Q179277,119,1525,1594,109,Italian Renaissance composer (c. 1525–1594)
821,Francis Drake,Q36517,120,1540,1596,112,English sailor and privateer (c. 1540 – 1596)
822,Willem Barentsz,Q133060,121,1550,1597,78,"Dutch navigator, cartographer, and Arctic explorer (1550–1597)"
823,Philip II of Spain,Q34417,122,1527,1598,98,"King of Spain, Portugal, Naples and Sicily; King consort of England, lived 1527-1598"
824,Giordano Bruno,Q36330,123,1548,1600,113,"Italian Dominican friar, philosopher and mathematician (1548–1600)"
825,Elizabeth I,Q7207,124,1533,1603,158,Queen of England and Ireland from 1558 to 1603
826,Akbar,Q8597,0,1542,1605,156,the third and greatest Mughal emperor from 1556 to 1605
827,Boris Godunov,Q170172,1,1552,1605,71,Russian Tsar (1598–1605)
828,Henry IV of France,Q936976,2,1553,1610,88,King of Navarre from 1572 to 1610 and King of France from 1589 to 1610 (1553-1610)
829,Caravaggio,Q42207,3,1571,1610,104,Italian painter (1571–1610)
830,El Greco,Q301,4,1541,1614,107,"Greek artist, painter, sculptor and architect (1541–1614)"
831,Miguel de Cervantes,Q5682,5,1547,1616,188,"Spanish novelist, poet, and playwright (1547-1616)"
832,William Shakespeare,Q692,6,1564,1616,235,English playwright and poet (1564–1616)
833,John Napier,Q159592,7,1550,1617,80,"Scottish mathematician, physicist, and astronomer (1550–1617)"
834,James VI and I,Q79972,8,1566,1625,88,"King of Scotland from 1566 to 1625, King of England and Ireland from 1603 to 1625"
835,Francis Bacon,Q37388,9,1561,1626,119,English philosopher and statesman (1561–1626)
836,Abbas the Great,Q171349,10,1571,1629,78,Shah of Safavid Iran (1587–1629)
837,Johannes Kepler,Q8963,11,1571,1630,153,German mathematician and astronomer (1571–1630)
838,Lope de Vega,Q165257,12,1562,1635,97,Spanish playwright and poet (1562-1635)
839,Iskandar Muda,Q375774,13,1583,1636,75,Sultan of Aceh
840,Peter Paul Rubens,Q5599,14,1577,1640,156,Flemish painter (1577–1640)
841,Murad IV,Q174762,15,1612,1640,71,the 17th Sultan of the Ottoman Empire (1623–1640)
842,Galileo Galilei,Q307,16,1564,1642,210,Italian polymath (1564-1642)
843,Cardinal Richelieu,Q26702,17,1585,1642,82,"French clergyman, cardinal, noble and statesman (1585-1642)"
844,Hugo Grotius,Q154959,18,1583,1645,75,Dutch jurist and scholar (1583-1645)
845,Miyamoto Musashi,Q193344,19,1584,1645,73,"Japanese swordsman, philosopher, strategist, writer, artist, and rōnin (1584–1645)"
846,Charles I of England,Q81506,20,1600,1649,96,"King of England, Scotland, and Ireland from 1625 to 1649 (1600-1649)"
847,René Descartes,Q9191,21,1596,1650,182,"French philosopher, mathematician, and scientist (1596–1650)"
848,William Harvey,Q93128,22,1578,1657,83,English physician (1578-1657)
849,Oliver Cromwell,Q44279,23,1599,1658,99,English military and political leader (1599–1658)
850,Abel Tasman,Q42188,24,1603,1659,101,"Dutch seafarer, explorer and merchant (1603–1659)"
851,Diego Velázquez,Q297,25,1599,1660,157,Spanish painter (1599-1660)
852,Blaise Pascal,Q1290,26,1623,1662,137,"French mathematician, physicist, inventor, writer, and Christian philosopher (1623-1662)"
853,Nicolas Poussin,Q41554,27,1594,1665,81,French painter (1594-1665)
854,Pierre de Fermat,Q75655,28,1601,1665,98,French mathematician and lawyer
855,Shah Jahan,Q83672,29,1592,1666,94,the fifth Mughal Emperor from 1628 to 1658
856,Rembrandt,Q5598,30,1606,1669,183,Dutch painter and printmaker (1606–1669)
857,Molière,Q687,31,1622,1673,171,French playwright and actor (1622–1673)
858,John Milton,Q79759,32,1608,1674,107,English poet and civil servant (1608–1674)
859,Johannes Vermeer,Q41264,33,1632,1675,108,Dutch painter (1632–1675)
860,Baruch Spinoza,Q35802,34,1632,1677,123,Dutch philosopher (1632-1677)
861,Thomas Hobbes,Q37621,35,1588,1679,110,English philosopher (1588–1679)
862,Evliya Çelebi,Q202308,36,1611,1682,61,Turkish traveler and writer (1611–1682)
863,Bartolomé Esteban Murillo,Q192062,37,1617,1682,77,Spanish Baroque painter (1617–1682)
864,Johannes Hevelius,Q57963,38,1611,1687,61,astronomer setting up the cartography of the Moon
865,Robert Boyle,Q43393,39,1627,1691,102,"Anglo-Irish natural philosopher, chemist, physicist, and inventor"
866,Matsuo Bashō,Q5676,40,1644,1694,171,Japanese poet (1644–1694)
867,Jean de La Fontaine,Q49496,41,1621,1695,90,"French poet, fabulist and writer (1621–1695)"
868,Christiaan Huygens,Q39599,42,1629,1695,101,"Dutch mathematician, physicist and astronomer (1629–1695)"
869,Juana Inés de la Cruz,Q183074,43,1651,1695,65,"Mexican writer, philosopher, playwright and poet"
870,Henry Purcell,Q9695,44,1659,1695,63,English composer (1659–1695)
871,Charles II of Spain,Q36174,45,1661,1700,80,"king of Spain, lived (1661-1700)"
872,William III of England,Q129987,46,1650,1702,80,"King of England, Scotland, and Ireland from 1689 to 1702 (1650-1702)"
873,John Locke,Q9353,47,1632,1704,151,English philosopher and physician (1632-1704)
874,"Leopold I, Holy Roman Emperor",Q150494,48,1640,1705,70,"Holy Roman Emperor (1658-1705), King of Hungary and Croatia and King of Bohemia (1640–1705)"
875,Jacob Bernoulli,Q122392,49,1655,1705,73,Swiss mathematician (1655-1705)
876,Aurangzeb,Q485547,50,1618,1707,85,the sixth Mughal Emperor from 1658 to 1707
877,"Anne, Queen of Great Britain",Q119702,51,1665,1714,89,Queen of Great Britain and Ireland from 1702 to 1714 (1665–1714)
878,Louis XIV,Q7742,52,1638,1715,146,King of France and of Navarre from 1643 to 1715 (1638-1715)
879,Gottfried Wilhelm Leibniz,Q9047,53,1646,1716,159,German mathematician and philosopher (1646–1716)
880,Pope Clement XI,Q129967,54,1649,1721,77,pope of the Catholic Church from 1700 to 1721
881,Antonie van Leeuwenhoek,Q43522,55,1632,1723,102,"Dutch scientist known as ""the Father of Microbiology"", and one of the first microscopists (1632–1723)"
882,Peter the Great,Q8479,56,1672,1725,158,Tsar/Emperor of Russia from 1682 to 1725
883,Isaac Newton,Q935,57,1642,1727,238,English mathematician and physicist (1642-1727)
884,George I of Great Britain,Q130805,58,1660,1727,83,King of Great Britain and Ireland from 1714 to 1727
885,Daniel Defoe,Q40946,59,1660,1731,104,"English trader, writer, and journalist (1660–1731)"
886,Ahmed III,Q199482,60,1673,1736,69,23th Sultan of Ottoman Empire (1703–1730)
887,Anna of Russia,Q160165,61,1693,1740,73,The fourth Emperor of Russia (1730–1740)
888,Antonio Vivaldi,Q1340,62,1678,1741,153,Italian composer and violinist (1678-1741)
889,Vitus Bering,Q127641,63,1681,1741,84,Danish-born Russian explorer (1681-1741)
890,Edmond Halley,Q47434,64,1656,1742,92,"English astronomer, mathematician, geophysicist, meteorologist and physicist (1656–1742)"
891,Anders Celsius,Q81130,65,1701,1744,96,"Swedish astronomer, physicist, and naturalist (1701-1744)"
892,Jonathan Swift,Q41166,66,1667,1745,102,Anglo-Irish satirist and essayist (1667–1745)
893,Robert Walpole,Q104190,67,1676,1745,83,"British statesman and art collector, 1st Earl of Orford (1676–1745)"
894,"Charles VII, Holy Roman Emperor",Q76736,68,1697,1745,65,Holy Roman Emperor
895,Johann Sebastian Bach,Q1339,69,1685,1750,222,German composer (1685–1750)
896,George Berkeley,Q82049,70,1685,1753,87,Irish idealist philosopher and Anglican bishop (1685–1753)
897,Montesquieu,Q15975,71,1689,1755,107,French philosopher (1689–1755)
898,Pope Benedict XIV,Q126711,72,1675,1758,82,pope of the Catholic Church from 1740 to 1758
899,Canaletto,Q182664,73,1697,1758,70,Italian painter of landscapes (1697–1768)
900,George Frideric Handel,Q7302,74,1685,1759,139,German-British Baroque composer (1685–1759)
901,William Hogarth,Q171344,75,1697,1764,73,"English painter, printmaker, pictorial satirist, social critic and editorial cartoonist (1697-1764)"
902,Louis XV,Q7738,76,1710,1774,96,King of France and of Navarre from 1715 to 1774 (1710–1774)
903,David Hume,Q37160,77,1711,1776,111,"Scottish philosopher, economist, and historian (1711-1776)"
904,Voltaire,Q9068,78,1694,1778,179,"French writer, historian and philosopher (1694–1778)"
905,Carl Linnaeus,Q1043,79,1707,1778,187,"Swedish botanist, physician, and zoologist (1707–1778)"
906,Jean-Jacques Rousseau,Q6527,80,1712,1778,162,"Genevan philosopher, writer, and composer (1712-1778)"
907,James Cook,Q7324,81,1728,1779,170,"British explorer, cartographer and naval officer (1728–1779)"
908,Daniel Bernoulli,Q122366,82,1700,1782,84,Swiss mathematician (1700-1782)
909,Leonhard Euler,Q7604,83,1707,1783,165,"Swiss mathematician, physicist, and engineer (1707–1783)"
910,Denis Diderot,Q448,84,1713,1784,102,French Enlightenment philosopher writer and encyclopædist (1713–1784)
911,Frederick the Great,Q33550,85,1712,1786,95,King of Prussia from 1740 to 1786 (1712-1786)
912,Benjamin Franklin,Q34969,86,1706,1790,144,American polymath and statesman (1706–1790)
913,Adam Smith,Q9381,87,1723,1790,170,Scottish moral philosopher and political economist (1723–1790)
914,Wolfgang Amadeus Mozart,Q254,88,1756,1791,231,Austrian composer of the Classical period (1756-1791)
915,Louis XVI,Q7732,89,1754,1793,111,"King of France and Navarre from 1774 to 1791, then King of the French from 1791 to 1792 (1754-1793)"
916,Antoine Lavoisier,Q39607,90,1743,1794,110,French nobleman and chemist (1743–1794)
917,Catherine the Great,Q36450,91,1729,1796,121,The eighth and greatest Emperor of Russia (r. 1762–1796)
918,Edmund Burke,Q165792,92,1729,1797,83,"Anglo-Irish statesman, political theorist and conservative philosopher (1729–1797)"
919,George Washington,Q23,93,1732,1799,217,founding Father and first U.S. president; soldier and slave owner (1732–1799)
920,Immanuel Kant,Q9312,94,1724,1804,184,German philosopher (1724-1804)
921,Friedrich Schiller,Q22670,95,1759,1805,116,"German playwright, poet, philosopher and historian (1759–1805)"
922,Joseph Haydn,Q7349,96,1732,1809,137,Austrian composer (1732–1809)
923,Jane Austen,Q36322,97,1775,1817,146,English novelist (1775–1817)
924,James Watt,Q9041,98,1736,1819,147,British engineer (1736–1819)
925,Napoleon,Q517,99,1769,1821,220,"French military leader, French Emperor 1804–1814 and again in 1815 (1769–1821)"
926,William Herschel,Q14277,100,1738,1822,102,German-born British astronomer and composer (1738–1822)
927,Lord Byron,Q5679,101,1788,1824,154,English Romantic poet and lyricist (1788–1824)
928,John Adams,Q11806,102,1735,1826,155,"Founding Father, U.S. president from 1797 to 1801"
929,Thomas Jefferson,Q11812,103,1743,1826,165,president of the United States from 1801 to 1809 (1743–1826)
930,Alessandro Volta,Q680,104,1745,1827,108,"Italian physicist, chemist, and pioneer of electricity and power (1745-1827)"
931,Ludwig van Beethoven,Q255,105,1770,1827,218,German composer (1770-1827)
932,Francisco Goya,Q5432,106,1746,1828,165,Spanish painter and printmaker (1746–1828)
933,Franz Schubert,Q7312,107,1797,1828,146,Austrian composer (1797–1828)
934,Joseph Fourier,Q8772,108,1768,1830,120,French mathematician and physicist (1768 – 1830)
935,Simón Bolívar,Q8605,109,1783,1830,154,Venezuelan statesman and military officer (1783–1830)
936,James Monroe,Q11815,110,1758,1831,141,president of the United States from 1817 to 1825 (1758–1831)
937,Georg Wilhelm Friedrich Hegel,Q9235,111,1770,1831,142,German philosopher and theologian (1770–1831)
938,Johann Wolfgang von Goethe,Q5879,112,1749,1832,196,"German writer, artist, natural scientist and politician (1749–1832)"
939,James Madison,Q11813,113,1751,1836,143,President of the United States from 1809 to 1817 (1751–1836)
940,André-Marie Ampère,Q675,114,1775,1836,108,French physicist and mathematician (1775–1836)
941,Alexander Pushkin,Q7200,115,1799,1837,179,"Russian poet, playwright, and novelist (1799–1837)"
942,Andrew Jackson,Q11817,116,1767,1845,140,president of the United States from 1829 to 1837
943,John Quincy Adams,Q11816,117,1767,1848,140,President of the United States from 1825 to 1829
944,Hokusai,Q5586,118,1760,1849,164,Japanese artist (1760-1849)
945,James K. Polk,Q11891,119,1795,1849,133,President of the United States from 1845 to 1849 (1795–1849)
946,Edgar Allan Poe,Q16867,120,1809,1849,154,American writer and literary critic (1809–1849)
947,Frédéric Chopin,Q1268,121,1810,1849,173,Polish composer and pianist (1810–1849)
948,Carl Friedrich Gauss,Q6722,0,1777,1855,164,German mathematician and physicist (1777–1855)
949,Arthur Schopenhauer,Q38193,1,1788,1860,112,German philosopher (1788-1860)
950,Martin Van Buren,Q11820,2,1782,1862,135,president of the United States from 1837 to 1841
951,Abraham Lincoln,Q91,3,1809,1865,208,president of the United States from 1861 to 1865 (1809-1865)
952,Jean-Auguste-Dominique Ingres,Q23380,4,1780,1867,123,French painter (1780–1867)
953,Michael Faraday,Q8750,5,1791,1867,154,British scientist (1791–1867)
954,James Buchanan,Q12325,6,1791,1868,133,president of the United States from 1857 to 1861
955,Charles Dickens,Q5686,7,1812,1870,175,English novelist and social critic (1812–1870)
956,Hans Christian Andersen,Q5673,8,1805,1875,185,Danish writer and poet (1805–1875)
957,James Clerk Maxwell,Q9095,9,1831,1879,139,Scottish physicist (1831–1879)
958,Fyodor Dostoevsky,Q991,10,1821,1881,185,Russian novelist (1821–1881)
959,Charles Darwin,Q1035,11,1809,1882,213,English naturalist and biologist (1809-1882)
960,Richard Wagner,Q1511,12,1813,1883,164,German composer (1813–1883)
961,Karl Marx,Q9061,13,1818,1883,214,German-born philosopher (1818-1883)
962,Victor Hugo,Q535,14,1802,1885,187,"French novelist, poet, dramatist and politician (1802–1885)"
963,Ulysses S. Grant,Q34836,15,1822,1885,139,president of the United States from 1869 to 1877
964,Vincent van Gogh,Q5582,16,1853,1890,218,Dutch painter (1853–1890)
965,Pyotr Ilyich Tchaikovsky,Q7315,17,1840,1893,166,Russian composer (1840–1893)
966,Friedrich Engels,Q34787,18,1820,1895,131,"German philosopher, sociologist and economist (1820–1895)"
967,Louis Pasteur,Q529,19,1822,1895,171,French chemist and microbiologist (1822-1895)
968,Alfred Nobel,Q23810,20,1833,1896,163,Swedish chemist and inventor (1833–1896)
969,Johannes Brahms,Q7294,21,1833,1897,138,German composer (1833–1897)
970,Otto von Bismarck,Q8442,22,1815,1898,164,German statesman and Chancellor (1815-1898)
971,Friedrich Nietzsche,Q9358,23,1844,1900,178,German philosopher (1844-1900)
972,Anton Chekhov,Q5685,24,1860,1904,174,Russian dramatist and author (1860–1904)
973,Dmitri Mendeleev,Q9106,25,1834,1907,160,Russian chemist (1834–1907)
974,Leo Tolstoy,Q7243,26,1828,1910,190,Russian author (1828–1910)
975,Mark Twain,Q7245,27,1835,1910,164,American author and humorist (1835–1910)
976,Octave Mirbeau,Q23441,28,1848,1917,143,"French writer, art critic and journalist (1848–1917)"
977,Sarah Bernhardt,Q4605,29,1844,1923,167,"French stage actress, painter and sculptor (1844–1923)"
978,Woodrow Wilson,Q34296,30,1856,1924,148,president of the United States from 1913 to 1921 (1856–1924)
979,Vladimir Lenin,Q1394,31,1870,1924,213,founding leader of the Soviet Union (1870–1924)
980,Roald Amundsen,Q926,32,1872,1928,165,Norwegian explorer; first person to reach the South Pole (1872–1928)
981,Thomas Edison,Q8743,33,1847,1931,193,American inventor and businessman (1847–1931)
982,Marie Curie,Q7186,34,1867,1934,197,Polish-French physicist and chemist (1867–1934)
983,Mustafa Kemal Atatürk,Q5152,35,1881,1938,212,founding father of the Republic of Turkey (c. 1881–1938)
984,Sigmund Freud,Q9215,36,1856,1939,193,Austrian neurologist and founder of psychoanalysis (1856–1939)
985,Rabindranath Tagore,Q7241,37,1861,1941,167,"Bengali poet, philosopher and polymath (1861–1941)"
986,Nikola Tesla,Q9036,38,1856,1943,175,Serbian-American engineer and inventor (1856–1943)
987,Franklin D. Roosevelt,Q8007,39,1882,1945,190,president of the United States from 1933 to 1945 (1882–1945)
988,Adolf Hitler,Q352,40,1889,1945,248,"dictator of Germany from 1933 to 1945, main instigator of World War II (1889–1945)"
989,Max Planck,Q9021,41,1858,1947,149,German theoretical physicist (1858–1947)
990,Mahatma Gandhi,Q1001,42,1869,1948,207,Indian independence activist (1869–1948)
991,George Orwell,Q3335,43,1903,1950,151,British writer and journalist (1903–1950)
992,Joseph Stalin,Q855,44,1878,1953,210,leader of the Soviet Union from 1924 to 1953
993,Henri Matisse,Q5589,45,1869,1954,157,French artist (1869-1954)
994,Frida Kahlo,Q5588,46,1907,1954,174,Mexican painter (1907–1954)
995,Alan Turing,Q7251,47,1912,1954,164,English computer scientist (1912–1954)
996,Albert Einstein,Q937,48,1879,1955,237,german-born theoretical physicist (1879–1955)
997,Ernest Hemingway,Q23434,49,1899,1961,152,American author and journalist (1899–1961)
998,Marilyn Monroe,Q4616,50,1926,1962,202,American actress and model (1926–1962)
999,John F. Kennedy,Q9696,51,1917,1963,178,president of the United States from 1961 to 1963 (1917–1963)
1000,Winston Churchill,Q8016,52,1874,1965,183,"British statesman, soldier and writer (1874–1965)"
1001,Walt Disney,Q8704,53,1901,1966,177,"American animator, producer, director, screenwriter, voice actor and entrepreneur, founder of The Walt Disney Company (1901–1966)"
1002,Che Guevara,Q5809,54,1928,1967,176,Argentine Marxist revolutionary (1928–1967)
1003,Martin Luther King Jr.,Q8027,55,1929,1968,187,American Baptist minister and civil rights leader (1929–1968)
1004,Yuri Gagarin,Q7327,56,1934,1968,174,"Soviet pilot and cosmonaut, first human in space (1934–1968)"
1005,Charles de Gaulle,Q2042,57,1890,1970,173,French general and statesman (1890–1970)
1006,Pablo Picasso,Q5593,58,1881,1973,212,Spanish painter and sculptor (1881–1973)
1007,J. R. R. Tolkien,Q892,59,1892,1973,163,English writer and philologist (1892–1973)
1008,Mao Zedong,Q5816,60,1893,1976,185,1st chairman of the Chinese Communist Party and founder of the People's Republic of China (1893–1976)
1009,Charlie Chaplin,Q882,61,1889,1977,203,English comic actor and filmmaker (1889–1977)
1010,Elvis Presley,Q303,62,1935,1977,189,American singer and actor (1935–1977)
1011,Huang Xianfan,Q5208,63,1899,1982,171,"Chinese historian, ethnologist and educator (1899-1982)"
1012,Salvador Dalí,Q5577,64,1904,1989,208,Spanish artist (1904–1989)
1013,Marlene Dietrich,Q4612,65,1901,1992,168,German and American actress and singer (1901–1992)
1014,Richard Nixon,Q9588,66,1913,1994,157,president of the United States from 1969 to 1974 (1913–1994)
1015,Ronald Reagan,Q9960,67,1911,2004,250,president of the United States from 1981 to 1989 and actor (1911-2004)
1016,Michael Jackson,Q2831,68,1958,2009,283,"American singer, songwriter, dancer, and philanthropist (1958–2009)"
1017,Neil Armstrong,Q1615,69,1930,2012,176,American astronaut and lunar explorer (1930–2012)
1018,Nelson Mandela,Q8023,70,1918,2013,234,First President of South Africa and anti-apartheid activist (1918–2013)
1019,Elizabeth II,Q9682,71,1926,2022,215,Queen of the United Kingdom from 1952 to 2022
1020,Mikhail Gorbachev,Q30487,72,1931,2022,160,leader of the Soviet Union from 1985 to 1991 (1931–2022)
1021,Jimmy Carter,Q23685,73,1924,2024,166,president of the United States from 1977 to 1981 (1924–2024)
1022,Pope Francis,Q450675,74,1936,2025,184,266th pope of the Catholic Church (2013–2025)
1023,Joe Biden,Q6279,75,1942,2026,230,46th President of the United States (2021–2025)
1024,Donald Trump,Q22686,76,1946,2026,261,"American businessman and politician (born 1946), President of the United States (2017–2021; since 2025)"
1025,George W. Bush,Q207,77,1946,2026,216,President of the United States from 2001 to 2009
1026,Bill Clinton,Q1124,78,1946,2026,174,President of the United States from 1993 to 2001 (born 1946)
1027,Charles III,Q43274,79,1948,2026,161,King of the United Kingdom since 2022
1028,Vladimir Putin,Q7747,80,1952,2026,233,"2nd and 4th President of Russia (2000-2008, 2012-present), 7th and 11th Prime Minister of Russia (1999-2000, 2008-2012), Director of the Federal Security Service (1998-1999) and Deputy Mayor of Saint Petersburg (1994-1996)"
1029,François Hollande,Q157,81,1954,2026,193,President of France from 2012 to 2017 (born 1954)
1030,Angela Merkel,Q567,82,1954,2026,174,chancellor of Germany from 2005 to 2021 (born 1954)
1031,Bill Gates,Q5284,83,1955,2026,180,"American businessman, investor, and philanthropist (born 1955)"
1032,Naruhito,Q217096,84,1960,2026,183,Emperor of Japan since 2019
1033,Barack Obama,Q76,85,1961,2026,256,president of the United States from 2009 to 2017 (born 1961)
1034,Rafael Correa,Q19581,86,1963,2026,158,President of Ecuador (2007 - 2017) y Prófugo de la Justicia
1035,Kamala Harris,Q10853588,87,1964,2026,163,Vice President of the United States from 2021 to 2025
1036,Jimmy Wales,Q181,88,1966,2026,190,co-founder of Wikipedia (born 1966)
1037,Anna Netrebko,Q78516,89,1971,2026,164,Russian and Austrian operatic soprano
1038,Elon Musk,Q317521,90,1971,2026,160,businessman and entrepreneur (born 1971)
1039,Eminem,Q5608,91,1972,2026,159,American rapper (born 1972)
1040,Emmanuel Macron,Q3052772,92,1977,2026,167,president of France and Co-Prince of Andorra since 2017
1041,Volodymyr Zelenskyy,Q3874799,93,1978,2026,174,President of Ukraine since 2019
1042,Beyoncé,Q36153,94,1981,2026,156,"American singer, songwriter, record producer, and dancer (born 1981)"
1043,Cristiano Ronaldo,Q11571,95,1985,2026,180,Portuguese association football player (born 1985)
1044,Lady Gaga,Q19848,96,1986,2026,173,"American singer, songwriter, and actress (born 1986)"
1045,Lionel Messi,Q615,97,1987,2026,189,Argentine association football player (born 1987)
1046,Corbin Bleu,Q4617,98,1989,2026,219,American actor (born 1989)
1047,Selena Gomez,Q83287,99,1992,2026,158,American singer and actress (born 1992)
1048,Neymar,Q142794,100,1992,2026,141,Brazilian association football player
1049,Ariana Grande,Q151892,101,1993,2026,125,"American singer, songwriter, and actress (born 1993)"
1050,Justin Bieber,Q34086,102,1994,2026,161,Canadian singer and songwriter (born 1994)
1051,Malala Yousafzai,Q32732,103,1997,2026,128,Pakistani children's education activist
